Ano-Calendário;Capital - Estado;Quantidade de Declarantes;Rendimentos Tributáveis;Rendimentos sujeitos a Tributação Exclusiva;Rendimentos Isentos;Dedução Previdenciária Total;Deduções Previdência Oficial;Deduções Previdenciárias RRA;Deduções Previdência Privada e FAPI;Deduções com Dependentes;Deduções com Instrução;Deduções com despesas Médicas;Dedução de Livro Caixa;Deduções  com Pensão Alimentícia Total;Deduções com Pensão Alimentícia Judicial;Deduções com Pensão Alimentícia Escritural;Deduções com Pensão Alimentícia RRA;Desconto Padrão;Base de Cálculo (RTL);Imposto Devido;Dedução de Incentivo;Imposto Devido 1;Imposto Devido RRA;Imposto Devido Total;Imposto Pago;Imposto a Pagar;Imposto a Restituir;Dívidas   e Ônus;Doações e Heranças Recebidas;Bens e Direitos;Previdência Complementar (VGBL);Valores Pagos com Previdência Complementar (PGBL);Valores Pagos com Previdência Complementar de Natureza Pública;Valores Pagos com FAPI;Despesas com Instrução;Despesas Médicas;Pensão Alimentícia Judicial;Despesas com Pensão Alimentícia Escritural;Despesas com Profissionais Liberais;Despesas com Arrendamento Rural;Outras Despesas;Doações Efetuadas
2020;Aracaju - SE;127102;10308,00328;1203,535435;3680,025868;681,6699805;558,3977258;0,22502385;123,0472309;119,0310152;108,8466223;569,5731577;69,79663199;112,6194723;102,9790497;9,64018136;0,00024125;537,8481835;8108,61822;1271,070357;1,3682338;1269,702123;5,40278944;1275,028989;1230,335254;172,2176231;129,6456092;2917,699188;155,8777875;37663,50859;484,7557636;109,1946188;5,11526789;35,00330153;308,8774916;705,4126574;114,7563843;10,33140136;40,74834827;0,13149933;93,32927091;79,21655114
2020;Belo Horizonte - MG;656408;48653,46722;10594,56491;31988,46493;2678,309626;2075,202761;2,33563904;600,7712256;503,1684513;382,2087133;2225,285432;723,4569087;385,7239916;342,0366635;43,45498754;0,23234056;2994,502104;38760,81106;6054,843635;21,43041253;6033,413222;66,70677009;6099,904619;6138,170371;562,3868147;640,1097437;24178,5531;2832,227295;332330,9395;2763,022939;1032,255948;35,62318828;115,239887;1351,876027;2952,931392;381,9340269;48,51778573;342,6715294;1,39811327;800,2388437;1396,987849
2020;Belém - PA;213568;17005,92467;1670,319648;5889,957441;1173,925059;1052,154356;0,41054543;121,3601571;254,9786794;235,4233866;1109,751668;150,4754124;194,0981228;172,1658105;21,53665957;0,3956527;737,5955772;13149,67815;2032,077784;0,83339015;2031,244394;4,0752976;2035,289819;2128,819489;176,4224881;273,8747014;4131,206834;227,2434155;44853,06897;451,0565985;111,8477389;7,62332745;29,835626;538,0208424;1307,050249;184,2575048;22,66061339;34,05687819;0,132674;201,3069509;148,3485044
2020;Boa Vista - RR;57714;4313,153709;404,5692531;945,4389047;221,9937303;204,7297331;0,15017203;17,11382511;58,35608558;34,5041584;137,1926321;20,52095393;61,0279677;57,09277795;3,8897098;0,04547995;327,6966093;3451,861572;498,509532;0,13877066;498,3707613;9,0553993;507,3101531;512,5018837;49,08462373;55,24749445;867,2597132;59,68680656;6571,818828;50,42476728;15,43281222;1,86196298;4,07587533;73,8852178;157,5033272;59,51894484;4,1081424;5,13409178;0;15,56379848;26,86234243
2020;Brasília - DF;761579;76213,5048;9577,240085;32063,22227;5914,424247;4900,924545;1,53694975;1011,962753;842,7013905;745,5312836;4551,766207;349,4214654;830,294719;756,1465924;73,65825126;0,48987525;2964,919905;60014,45985;10540,94042;7,00282721;10533,93759;30,40242796;10564,22272;11156,1976;582,2014846;1210,021967;26965,16379;2226,486055;322405,8733;2529,88716;886,8988793;217,6910448;178,2418976;2344,333566;5228,426147;814,9427501;81,16051406;292,5010657;3,09246186;1029,670093;824,7649301
2020;Campo Grande - MS;186276;13283,50939;1572,04396;7311,224405;802,2052961;735,6053994;0,3152928;66,28460391;177,6104546;128,4808302;650,9996123;157,2345762;112,2808877;100,2244365;11,92237059;0,13408065;791,6458621;10463,05592;1554,226428;2,53782155;1551,688607;6,27805864;1557,96152;1514,210444;215,8714603;178,673967;6860,821003;611,6185049;72820,43913;436,8484169;65,01798961;5,51935286;13,19398514;347,0519238;811,4613459;110,1773334;13,39333335;52,11101951;8,44474553;137,4198468;366,4167315
2020;Cuiabá - MT;146578;11342,884;1319,194773;5732,686107;795,9663221;729,5421921;0,20479682;66,21933326;144,0622306;120,6198131;699,7068364;158,4296951;101,3947015;89,84027879;11,50923005;0,04519261;532,0286292;8790,675771;1370,299786;1,0457802;1369,254006;4,55979799;1373,808627;1431,10984;115,2803369;174,6550464;6120,792243;244,7615323;54766,97727;302,678366;63,30954103;4,93163526;13,07267898;299,5824102;816,0798767;96,21319193;12,39807333;24,29400798;0,78412823;102,5567776;120,7875673
2020;Curitiba - PR;592492;40307,85488;10199,48155;31337,1936;2209,209233;1747,391231;0,79206522;461,025937;437,5033488;341,9227949;1666,4217;488,6980856;262,2402972;218,2498155;43,81938678;0,17109495;2785,514667;32116,3541;4731,563474;12,05047346;4719,513;52,00109008;4771,417481;4770,734425;472,9963086;515,0515824;22601,02487;3060,523122;337768,395;2802,988523;439,6483086;19,53125231;127,0194081;1201,410284;2200,372426;248,6513132;50,35761734;388,4120024;8,66420901;680,1602236;1389,830465
2020;Florianópolis - SC;171916;14018,67028;2769,728299;9494,773588;916,8782368;736,6198125;0,47100502;179,7874193;110,6537086;86,10100722;614,6871813;129,8097444;127,4109548;111,4615536;15,86908112;0,08032013;826,8555352;11206,27408;1827,152182;2,94815656;1824,204026;11,55961907;1835,756575;1838,47201;165,7461531;184,7829363;6180,50411;913,3297763;93999,83416;735,7743768;168,0359336;12,09383374;56,5522505;326,5883024;809,8538147;127,9871675;19,28952374;126,9148087;0,94910032;263,2404675;438,2671342
2020;Fortaleza - CE;387617;28268,25193;3679,003625;13309,02345;1846,796431;1558,704466;1,31504273;286,7769217;360,5821383;325,1018428;1697,974779;389,3327108;301,1491161;273,6433358;27,28637547;0,21940483;1523,966297;21823,35079;3261,082906;3,07760456;3258,005301;8,87030077;3266,849463;3406,298938;297,4818433;448,9215355;10015,03385;683,667821;124495,5186;984,4261348;283,547306;16,1393117;51,87323438;911,6629129;2037,403299;299,182614;30,38143474;70,10499274;0,03267625;300,5373447;401,2534649
2020;Goiânia - GO;351636;23889,17533;3252,895807;15771,58912;1445,074794;1291,436933;0,70502568;152,932836;299,7824458;247,8283806;1353,860164;493,6553612;150,95827;130,2308602;20,59933816;0,12807162;1353,230268;18544,78788;2713,707599;2,95445568;2710,753144;36,26270075;2747,012127;2734,466957;342,630891;341,8216024;17239,95874;1083,959498;151838,0003;934,2300721;142,1042038;13,75375301;32,2640023;652,1403256;1638,731075;146,5319269;23,84514051;84,72818742;1,44041788;219,6244122;317,721596
2020;João Pessoa - PB;145984;10970,97953;1427,451125;4350,062746;692,9022947;613,0800483;0,21163042;79,61061589;137,0788576;106,8970514;634,6074105;109,369139;113,6992451;102,8203264;10,8002694;0,07864928;593,228565;8583,196968;1300,962308;1,02002223;1299,942286;19,65513652;1319,595575;1316,240737;159,5671335;159,9578825;3117,743724;224,5351972;38127,49975;347,4814788;77,84458695;8,60934468;12,88422607;281,0518679;766,5029702;113,1670081;12,47825454;26,86774572;0,14366586;132,437073;79,6156889
2020;Macapá - AP;61091;5010,192412;391,1209787;758,5484621;331,0930738;312,4141237;0,10595051;18,57299954;91,75024127;105,9690397;332,4478164;17,2503183;100,4234973;94,8137762;5,50708277;0,10263829;232,0900724;3799,168353;549,2451599;0,17460044;549,0705594;0,92332104;549,9932956;586,7514274;49,3629205;86,66797342;521,3393914;32,47830394;4439,050858;24,68456783;15,85866514;1,89239931;3,69674546;180,0096444;354,9752583;97,11466194;5,57344143;6,17116218;0,1496;17,1131082;22,04588173
2020;Maceió - AL;140953;10591,22614;1127,493168;4218,015619;702,7165318;623,0502967;0,88133266;78,78490242;133,2759567;117,3279754;704,7125442;82,96912343;91,37000323;82,07315446;9,16028333;0,13656544;533,2628419;8225,59116;1237,40547;1,1695045;1236,235965;6,42755286;1242,656526;1224,726875;163,8151324;147,6242783;2783,921045;285,9896383;38743,91045;338,6466252;74,09558147;6,77790919;15,68816449;278,5075198;830,6014423;89,26828789;10,67791332;24,85897868;2,64228696;102,2997925;194,6502765
2020;Manaus - AM;280222;18377,63206;1831,386441;7332,548924;1050,441478;948,5996161;0,7118335;101,1300288;319,1894527;274,1906564;782,8306567;145,0361355;213,7253614;191,0513294;22,46180444;0,21222756;1218,604781;14373,6178;1960,378746;0,7301775;1959,648569;3,33589938;1962,981551;2041,259698;181,1789215;266,3795002;3515,122899;292,4636651;52175,38139;444,6640911;95,67103997;5,244856;20,73633184;598,8869293;910,7519303;206,4517957;23,89952512;26,33479671;0,0459;124,2754227;225,2545552
2020;Natal - RN;141747;11271,39423;1296,578182;4489,507678;738,6144218;618,7914188;0,46233104;119,360672;124,8019053;98,11956393;631,6833678;95,05522685;122,5949506;110,9727692;11,55683695;0,06534447;582,3530354;8878,172357;1408,544409;1,37784562;1407,166563;4,16405914;1411,309472;1409,121048;150,9026938;152,4308431;3124,035922;188,3892627;38689,13691;443,6082973;120,3847111;8,71213688;17,16107221;286,7599696;779,841025;124,4492576;13,35892464;25,33335785;0,0544;107,2203774;99,88261055
2020;Palmas - TO;57851;4469,863051;1324,979798;1417,538181;288,0267179;264,860242;0,14795923;23,0185167;69,70511145;51,53194153;209,4867523;51,33698886;41,54223723;36,30960358;5,16971527;0,06291838;245,0488509;3513,18445;533,990122;0,63742782;533,3526942;2,88750667;536,2400537;565,6304342;37,75362628;67,59977356;1931,645806;76,20540148;15439,39725;69,45875701;19,68795928;3,51878079;4,20411726;128,5754311;243,1325871;37,99562766;5,48331467;38,25575434;4,23763332;37,44657782;25,56957857
2020;Porto Alegre - RS;453117;36662,38155;8174,779506;24015,30698;2291,805899;1868,326094;0,80154191;422,6782629;268,2036992;245,7426653;1827,712352;533,8922539;310,1589765;278,9525147;30,91935598;0,28710575;2037,862901;29147,00896;4800,485854;20,67907054;4779,806783;47,33712243;4827,025924;4747,103004;493,459868;449,5320202;16221,95526;2920,316009;259826,171;1967,703054;389,5719243;18,1101818;109,3871854;927,4968044;2284,973828;315,2133645;37,99177937;337,8679018;3,97281506;640,7990741;2106,019657
2020;Porto Velho - RO;82301;5623,048662;622,9839798;2027,110162;340,39949;309,8130909;0,10319537;30,48320376;87,97881702;59,69689816;279,5597718;30,85598364;70,84178407;65,43043005;5,38590618;0,02544784;353,3125966;4400,403321;601,9736492;0,33752383;601,6361253;0,87262776;602,5077179;638,8683352;52,82133748;89,71652339;1509,756977;63,21589952;12758,71756;96,95844979;28,12006541;3,79925003;6,93984595;151,2974411;330,3380024;69,99919297;5,91497564;10,50183979;0,1868;30,6183676;41,66390739
2020;Recife - PE;299632;24995,49012;3869,096209;14269,06274;1760,431743;1469,780643;0,98556188;289,6655383;274,8282428;236,2483072;1849,232093;232,6890018;196,3083025;173,9137783;22,32172854;0,07279571;1089,062097;19356,69389;3174,208254;5,20618956;3169,002065;13,94310829;3182,925595;3244,3943;310,8330065;381,4241804;11431,65851;1145,458105;124096,5141;1192,351192;275,6710011;18,5087615;58,84260149;795,2534867;2218,6663;193,6025884;25,15918118;75,691289;0,342038;363,4466851;607,151495
2020;Rio Branco - AC;53896;4077,577816;391,0319321;921,8914458;239,7871146;222,4212785;0,04170557;17,32413046;55,41668735;46,31685887;181,0235318;12,34885142;51,40430464;48,37410796;3,01922841;0,01096827;270,5640047;3220,718611;463,5204611;0,23629023;463,2841709;1,23253141;464,5095695;472,5239654;49,35156967;57,67148543;725,091026;40,68850405;10453,42406;66,13033098;15,65465459;1,75495468;4,6681335;106,9631752;208,1126822;50,96323947;3,28911284;4,80198535;0,192;18,22726866;41,96797075
2020;Rio de Janeiro - RJ;1612595;134330,2283;28501,58099;80899,95371;7862,478921;6121,394165;3,94486881;1737,139886;1247,52264;1013,716017;8133,148868;1189,581706;1132,929234;1019,645725;111,9688544;1,31465406;6974,785544;106776,0757;17848,04302;14,32919567;17833,71382;76,04250353;17908,49531;17793,00673;1625,519568;1869,099555;51511,96427;7126,068523;912139,9017;7965,217538;1676,905788;56,6553842;371,4007734;3836,684012;10095,05656;1155,907364;131,6577044;775,5736227;1,09461878;2537,870498;3485,120218
2020;Salvador - BA;450960;31678,06449;4769,31929;16711,47502;2168,237726;1780,850688;2,52970548;384,8573318;406,1354938;368,9404189;2123,105213;138,8671181;244,3320736;215,785655;28,16427779;0,38214078;1667,296653;24561,1505;3603,401814;3,25120888;3600,150605;28,00665071;3628,038975;3798,774005;361,5483151;540,0855689;10598,81272;854,1899591;152439,3246;1319,957351;363,5301037;18,82341659;92,45843177;1102,349012;2589,49743;234,8845793;31,13129331;135,361373;0,87301944;398,7454961;696,8864083
2020;São Luís - MA;158101;11412,97293;2038,996764;5480,886498;772,5350655;688,3675624;0,27296274;83,89454042;174,0254606;178,2097768;812,6838672;53,94851864;97,53345283;88,2791349;9,2001734;0,05414453;584,4090468;8739,629216;1255,387893;0,38799975;1254,999894;6,50787172;1261,503535;1311,449482;140,4164745;191,8492175;2239,430706;207,4734644;29992,12706;322,2797402;72,01993102;4,40176702;25,00698756;436,2292116;910,2205198;93,43864379;9,79125269;14,23062658;0,0224;84,14583027;140,6087297
2020;São Paulo - SP;3334439;235157,3178;75250,4963;224635,5489;10094,88846;7234,656423;5,86821401;2854,363827;2355,953244;1733,841124;12128,14051;2451,342138;1355,860697;1160,143089;194,1295502;1,58805771;15601,10796;189436,2036;29761,04372;40,9033584;29720,14036;100,9136778;29820,83651;29726,93112;2541,295499;3072,701753;160189,4918;40181,0511;2528815,416;18111,49102;2824,328849;89,68289173;563,4852445;7831,226404;16252,3497;1354,945013;234,6157652;1755,651291;18,62033045;5893,066742;20670,36367
2020;Teresina - PI;130481;9557,050841;898,2016632;4230,404402;644,4038978;580,9814368;0,26908984;63,15337122;131,8943005;118,7023937;499,7916168;32,76203198;89,00163245;80,7077195;8,28764418;0,00626877;528,3895243;7512,105444;1105,436935;0,72907335;1104,707861;2,4912161;1107,194319;1081,189693;139,4290804;116,3112446;2190,139604;127,039597;26799,34691;291,1209275;82,42064514;5,781809;10,60263659;311,1887509;620,7330608;86,75014817;8,86657957;14,24725291;0,017;92,47162237;77,24558638
2020;Vitória - ES;105403;8773,496611;1539,720322;6438,507263;550,8630393;405,5254059;0,12217756;145,2154559;88,86029442;67,12439922;520,3094138;145,0528492;68,47672761;58,20724869;10,08816726;0,18131166;432,2527892;6900,557098;1129,485776;2,55643773;1126,929338;17,26618089;1144,195441;1141,289171;116,5962572;117,3986266;4053,96734;476,5878489;59249,18458;619,0451133;141,7521581;9,80592324;28,79820637;281,05891;646,3670143;65,60368521;11,22377239;45,30825978;0,0653;142,4315061;376,1377341
2019;Aracaju - SE;125608;10247,01931;1400,619173;4714,651544;613,522498;485,9835007;0,21624927;127,322748;143,162166;125,1838027;552,3108063;84,2422879;116,4110877;106,1215567;10,27387112;0,01565987;553,863572;8058,323087;1252,897304;0,78295221;1252,114351;8,61177936;1260,725803;1228,631562;165,4457747;136,1827582;3175,82167;1096,683352;35080,12862;545,0043029;113,8463842;3,95069958;34,30900796;358,9892545;685,0813466;115,3186008;10,88046713;47,07517919;0,64299026;84,33766688;767,271455
2019;Belo Horizonte - MG;639295;47632,31507;10003,24078;29223,19329;2517,972636;1923,0985;2,50582271;592,3683136;586,5657753;434,09607;2283,651336;831,3516685;387,256907;344,1408467;42,79976835;0,31629195;2868,172881;37723,2478;5829,14037;19,25657019;5809,883799;73,13077758;5882,833643;5988,019434;531,8635097;673,9637477;20207,77049;2589,316628;309129,7247;2840,429256;565,6212815;28,27523561;117,4065682;1529,176581;2966,295555;385,4538945;48,89329807;363,9055263;1,20036199;705,5426908;1442,709466
2019;Belém - PA;208557;16682,57743;1712,140243;5417,878733;1020,884986;893,2368894;0,79333066;126,8547663;333,9307121;269,7336638;1089,265271;163,05721;195,7533923;172,915991;22,63325894;0,20414237;718,4021135;12891,55008;1987,237451;0,4119855;1986,825466;8,70814071;1995,527852;2144,3475;167,3670104;320,5252791;3133,159057;222,2462358;42606,98158;554,599748;114,9554229;5,96301202;33,15996203;600,9722541;1271,835416;182,9994174;23,84932725;39,36449183;0,191716;172,0529395;171,8147781
2019;Boa Vista - RR;54826;4068,363508;533,8525809;859,251356;206,4946423;187,2568137;0,32036856;18,91746;74,34283316;41,99130571;130,5482633;20,26173086;59,62901311;55,83017254;3,67236633;0,12647424;296,5518146;3238,543905;461,0021582;0,07887655;460,9232816;35,98001244;496,8928383;502,1492874;48,87337872;55,20104967;603,2830826;33,71152322;5677,83836;72,0883311;17,64114199;1,55853432;4,68086662;88,15382119;148,4988227;57,74483448;3,88134114;18,99480386;0,11194;13,17382987;18,43580938
2019;Brasília - DF;750262;74492,7714;9344,199565;28797,30092;5131,823954;4132,700493;1,99868286;997,1247779;988,6999821;826,7347305;4412,63655;364,5761529;832,9969264;759,3178498;72,99685642;0,68222021;2943,944588;58991,35852;10282,34377;4,31272634;10278,03105;34,70662146;10312,7237;11007,45767;529,2156542;1255,593823;21089,87055;1732,775344;315559,3099;2194,762744;861,1048698;199,1409573;187,8072447;2575,23444;5057,641263;819,3974058;82,37207957;262,2465979;3,27639358;961,9677777;599,2449239
2019;Campo Grande - MS;181202;12846,9339;1504,019368;6496,224686;716,6160385;649,1901108;0,32724131;67,09868632;206,9299395;141,3657659;633,3181033;167,0905946;109,4471835;96,96977039;12,31380484;0,16360824;792,3178206;10079,84845;1457,446872;1,53433411;1455,912538;4,02625473;1459,852747;1468,841752;172,8985118;186,4460243;6158,946193;611,6801957;66294,71272;510,1301844;62,94107038;4,35847434;13,33693528;371,7261039;789,6224374;106,0100588;13,71816526;45,10917455;7,75770926;131,5608457;273,8586711
2019;Cuiabá - MT;143086;10936,69396;1413,793202;4836,892458;662,7797672;593,7579621;0,24339431;68,77841082;170,1983498;133,7669759;672,1275079;165,9405762;97,40624214;85,06649629;12,19627446;0,14347139;552,1705451;8482,303996;1286,886686;1,25535918;1285,631327;2,0119629;1287,641917;1382,657257;100,9963055;198,1365378;5488,921001;200,3835283;46713,6281;311,6577077;67,02680371;4,19226158;14,32920013;332,6517766;811,3334711;95,29682896;12,85875873;20,87200169;0,88364594;104,0364261;71,50105659
2019;Curitiba - PR;578151;39797,58198;10810,04987;30141,33258;1970,289203;1509,068648;0,68935758;460,5311968;495,82147;377,7497398;1673,119528;526,0265907;261,0439696;217,0280987;43,81749929;0,19837159;2777,681293;31715,85019;4638,115491;10,00422127;4628,11127;38,18604154;4666,263446;4716,264206;436,2772141;524,4689426;20316,82041;3335,44046;306344,5672;3188,726154;435,8790302;16,44536481;128,2314281;1373,903936;2206,714161;245,3311003;49,213292;344,057691;2,56169444;643,1743889;2565,825983
2019;Florianópolis - SC;164090;13567,38222;2620,666488;8728,955141;832,6347232;656,6775758;0,41765175;175,5394957;119,1631879;92,65499031;596,8837344;133,0026818;130,4811195;113,9159742;16,33639602;0,22874922;804,4955292;10858,06625;1764,206282;2,10830464;1762,097977;9,07991754;1771,174943;1792,236281;151,8716666;186,6662055;6484,348963;706,1154244;87327,58483;744,4554103;160,1133993;9,10291287;58,47146739;339,5299893;778,5375748;129,8384082;18,69106132;112,6600723;0,24105252;237,5262597;260,6230315
2019;Fortaleza - CE;379238;27760,5632;3883,802422;14031,77092;1698,016967;1410,213992;0,81046082;286,9925135;442,9757007;362,8680784;1653,478579;435,0553674;307,1923082;279,2815453;27,74175142;0,16901143;1480,525811;21380,45039;3163,918696;2,45265989;3161,466036;9,72305977;3171,182364;3308,473407;290,6013399;440,6280128;9305,935574;2486,033172;118030,8288;1286,222264;282,1401427;13,08437408;56,27531342;1047,513764;1971,946765;304,6881372;31,06555313;78,62104894;0,03;449,807053;360,6958432
2019;Goiânia - GO;344761;24227,07097;3302,995896;13568,15883;1374,722675;1226,291871;0,61472451;147,8160801;360,9060154;287,4801143;1363,716951;539,5571882;156,1762347;134,8688797;21,2049924;0,10236262;1394,602377;18749,90941;2738,401229;2,20316422;2736,198065;22,22261759;2758,420045;2784,062589;295,0690297;330,3050496;14219,2954;788,2315391;171893,455;848,2631053;141,430416;10,64278923;34,00118733;757,1667922;1645,846925;149,2019442;23,8750364;64,49661209;1,2005337;206,6536076;200,6111331
2019;João Pessoa - PB;139721;10520,12611;1190,517486;4160,353588;600,3724449;520,2303871;0,44811822;79,69393957;159,39319;120,2677024;607,4770541;117,8849765;111,1146584;100,3907448;10,68937654;0,03453709;567,5435111;8236,072574;1240,44834;0,70671339;1239,741627;6,42069379;1246,161501;1247,733044;147,4663249;152,2674779;3068,023231;325,3293591;33654,34188;353,7776161;79,2422808;6,66831987;12,67194021;322,5293011;731,3953957;113,0425197;11,98888252;35,45666205;0,12685534;143,1250856;180,8120465
2019;Macapá - AP;59759;4832,838277;368,710498;656,9837195;319,7297036;299,0208963;0,14946524;20,55934206;131,6627322;127,3099661;319,7978259;18,12712151;98,31260899;93,24379709;5,04106775;0,02774415;205,2054755;3612,692843;508,3152928;0,07684449;508,2384483;1,36043111;509,5980581;566,8831725;37,80961198;95,47083666;421,687476;19,2977366;4055,622112;35,07421757;16,93347826;1,65822204;4,44990194;219,3618305;338,7424135;100,0451868;5,06833083;5,61737805;0,225;14,54104589;15,87882194
2019;Maceió - AL;136895;10144,63745;1120,932342;4025,598573;586,4650357;502,7332051;1,97862028;81,75321027;161,9692852;136,210565;672,5324027;98,20404945;90,97680557;81,36877717;9,41035538;0,19767302;530,040969;7868,238335;1160,06793;0,90063693;1159,167293;8,96186719;1168,112677;1173,399283;148,037275;155,4231982;2767,459095;349,0867712;31753,74558;384,7980696;78,14979814;5,73645041;17,38227821;333,1668885;801,3442489;88,42155179;10,36249851;25,7518117;2,07917145;87,45052686;312,3232962
2019;Manaus - AM;271145;18046,66288;1875,157574;6284,995146;1002,757999;892,9201534;0,72879739;109,1090478;439,0705311;314,7676071;765,1349812;158,4090984;216,6380482;194,5114554;21,78263055;0,34396232;1133,381693;14016,50293;1891,008582;0,46877161;1890,539811;3,20601842;1893,744087;2004,010454;166,3606788;283,3781976;3363,781058;225,6754299;47693,62356;467,3983234;100,9280324;4,7456096;22,70897852;675,735307;884,4753379;207,9425623;23,01422428;25,35219788;0,03581;138,6788215;138,3171918
2019;Natal - RN;139460;10978,41899;1265,379212;4309,648439;672,0291355;549,3551565;0,40773099;122,266248;150,8334929;109,8997069;626,2289025;108,9931756;123,8927963;112,4389709;11,30210713;0,15171831;567,1227995;8619,418978;1347,399327;0,8980149;1346,501312;6,83013337;1353,329586;1368,88305;137,074277;155,6744048;2954,673627;241,187546;37933,57546;455,8747586;121,4989407;7,28916012;17,05548325;308,0595147;776,2733733;124,9526418;12,42461452;29,30256697;0,051;114,504391;140,9382729
2019;Palmas - TO;55489;4138,39655;362,9943786;1238,998502;265,8340933;242,7434773;0,1844205;22,9061955;83,44704178;58,09748563;198,2296364;51,70847493;39,80186924;34,85414885;4,91025357;0,03746682;220,0021979;3221,275751;471,8474431;0,46326706;471,384176;3,38485589;474,7689932;518,499172;29,83813415;74,05078332;1682,642249;56,57470276;12820,26044;72,21443418;19,98354102;2,85285843;4,26621589;150,4497898;226,1311077;36,19420116;5,72420655;7,00505057;5,43612021;20,18255037;19,58495329
2019;Porto Alegre - RS;450707;37021,82705;8358,684467;24525,04883;2048,894052;1623,499271;1,6487598;423,7460221;304,9062036;268,8156002;1817,449043;614,420228;325,7756225;291,8400326;33,69519492;0,24039501;2107,358746;29534,20755;4861,725346;15,70549072;4846,019855;55,60757031;4901,368319;4872,427273;481,5397438;487,0657492;15872,59192;3118,969407;247952,127;2059,833183;383,4282923;15,48896295;114,2135884;1058,964115;2286,430663;326,0983846;40,20968965;378,3822488;3,67256367;669,9937468;2322,113875
2019;Porto Velho - RO;79718;5477,284414;541,4871599;1828,308845;332,3871433;298,6410035;0,30697669;33,43916309;114,2706156;69,31748956;282,224886;35,72470795;72,02423298;66,13210275;5,8114614;0,08066883;322,5659204;4248,769418;575,843256;0,22507132;575,6181847;1,77959692;577,390909;621,2584729;46,33616563;90,69130637;1198,661277;80,57390201;11643,59898;105,5215017;42,37218591;3,12119157;9,64125722;169,3836173;329,5149213;70,47910902;6,11709142;12,80558971;0,89329732;35,56491567;290,5652427
2019;Recife - PE;293463;24494,63116;3764,775046;14956,75495;1625,572645;1333,345952;1,37308141;290,853612;325,8473889;261,9887486;1807,680623;264,5084945;200,7204328;176,902725;23,60726098;0,21044679;1079,027137;18929,28569;3071,246023;3,79490759;3067,451116;21,8618259;3089,309872;3173,602177;295,1259146;387,3534233;10901,66005;2004,809609;114996,7488;1323,23795;272,4342449;15,50129304;63,55463149;880,3685824;2173,495744;196,7757697;27,09712954;72,9683194;0,31734624;345,8051418;1786,976454
2019;Rio Branco - AC;53056;3951,182254;311,8516479;810,5490966;244,5735418;225,5384599;0,21107926;18,82400265;76,09866834;51,15071268;173,323296;14,0260409;52,54279407;49,56827991;2,95832952;0,01618464;246,4615396;3093,005661;436,511105;0,1959375;436,3151675;0,72455188;437,0397194;453,4769444;42,74216441;59,61856401;697,7286544;39,67888463;9805,751539;49,36533869;16,72647486;1,33327598;4,81126255;119,3422377;199,0722512;52,04922483;3,27567653;4,19114757;0,2645;15,82731268;15,55560096
2019;Rio de Janeiro - RJ;1598529;133476,6769;31268,36552;73802,89506;7236,187464;5410,997254;6,91531614;1818,274895;1524,339573;1136,974106;8227,470955;1385,744638;1161,886118;1042,967152;116,5880987;2,3308673;7061,136169;105742,9378;17450,45265;8,54258785;17441,91006;113,2272957;17555,01462;17620,38601;1633,827301;1991,842537;46514,64246;6072,520237;855050,6342;8392,904281;1718,438259;49,8477775;417,3171438;4336,636433;10234,81394;1171,568255;134,5052856;838,3120515;1,27225481;2559,37379;2830,857399
2019;Salvador - BA;445362;31720,00559;4929,049471;16266,40498;2072,175744;1677,1795;1,96793823;393,0283056;521,8765524;437,7266468;2172,774824;174,3678559;256,1289661;225,9687629;29,77758225;0,38262088;1625,565502;24459,3895;3553,94803;2,09074636;3551,857284;25,6634805;3577,475353;3754,466054;364,9045257;549,0390353;10603,15342;915,5086094;139173,343;1442,744119;370,455905;14,98763039;94,52523126;1330,557412;2628,228128;245,2304283;34,22176418;157,494253;0,44052634;379,4843662;665,1292287
2019;São Luís - MA;154987;11137,47251;1238,759978;3454,81114;698,4059472;611,4602284;0,35997701;86,5857418;224,3863397;203,6029724;790,2304661;50,87700773;97,6697963;88,33838577;9,31030602;0,02110451;557,9538558;8514,346121;1207,683225;0,30878299;1207,374442;3,47168919;1210,845211;1271,973303;129,8074579;192,5097852;2088,655504;137,2037387;29052,86065;331,3352837;75,42966392;3,57946366;26,10178111;505,2741038;878,8298807;93,34863552;10,15515204;14,51250419;0;78,77082111;114,6711917
2019;São Paulo - SP;3263822;232330,9799;78694,57749;240329,4292;9659,260493;6860,108265;6,85880047;2792,293428;2854,178479;1932,955776;12336,81737;2529,243681;1377,488578;1174,941337;200,361585;2,18565611;15315,847;186325,1885;28867,0268;35,1226354;28831,90417;113,1798571;28944,72148;29244,29619;2392,098487;3225,089072;159853,3475;58936,25638;2371666,975;18670,64326;2715,682024;80,88360485;592,6730997;8569,505825;16402,20013;1365,376749;244,7549473;1750,442373;13,97416374;5612,705813;17508,63518
2019;Teresina - PI;126289;9326,831783;983,7253351;4209,90517;590,9950345;527,1021163;0,24991292;63,64300523;163,2501119;135,3421;481,9334615;34,17769743;90,23218186;81,49949183;8,54140538;0,19128465;515,9021378;7314,999058;1068,557127;0,57547494;1067,981652;1,97256629;1069,952145;1049,426818;134,6689979;116,5490612;2180,058832;1024,378723;25599,94603;250,1712615;60,72465745;4,29738932;11,89590515;364,3575005;602,4295861;87,33373284;9,09211428;15,49587648;0,012;79,68375824;131,3837643
2019;Vitória - ES;104205;8710,563837;1657,511827;5709,907938;500,8973541;356,9470819;0,24631072;143,7039614;101,1017998;72,3327324;523,2697154;182,8623256;70,34476685;60,70565483;9,43161353;0,20749849;429,3353677;6830,419776;1109,442227;2,77061664;1106,67161;4,94942285;1111,612529;1118,092006;109,8053352;121,0530892;3639,587913;381,572834;52999,15344;646,8370425;134,4629261;9,23761215;30,74768502;315,2514271;643,8005291;67,73259783;10,55491686;37,25207432;0,0516;127,8007721;235,9195256
2018;Aracaju - SE;126896;9963,8498;1124,217708;3250,860678;596,4226439;466,3367938;0,3106028;129,7752474;146,258081;127,5618268;495,1846077;78,08868959;115,8410833;105,9912627;9,7737682;0,07605243;555,2118549;7849,281013;1192,521549;0,5939771;1191,927572;10,02710437;1196,128804;1147,936516;171,0883927;125,4348348;2795,320028;210,3765579;32832,19562;316,5324307;117,3579251;2,24408675;37,55854941;346,4762481;615,1111263;114,3227937;10,59009191;44,45990978;0,65106185;98,42186139;129,987389
2018;Belo Horizonte - MG;640918;46233,00728;8713,840824;28802,74019;2423,31126;1861,608834;1,71433346;559,9880927;598,7818229;437,649017;2117,062743;801,7246048;383,0936258;339,9080562;42,88203896;0,30353059;2828,412514;36642,97169;5552,139548;17,64378373;5534,495764;53,3934118;5558,816056;7012,668708;522,0522735;2007,994717;19822,57828;3375,467051;292165,7527;3050,621044;530,5786167;13,85615694;118,6188067;1443,434232;2766,737137;376,6246644;48,61789437;295,8635247;1,19136219;748,3294648;1064,667371
2018;Belém - PA;209365;16029,39161;1860,887136;5518,234623;988,2180376;863,7664396;0,55130754;123,9002905;341,5599414;278,257487;1022,504552;155,4041312;187,3750403;164,8252023;22,27879762;0,27104039;701,1315653;12354,94086;1843,93537;0,37703624;1843,558333;8,65488846;1841,405707;1941,391061;167,2704825;271,2732572;2961,42954;349,0345759;38301,5634;450,8385383;110,2535551;3,32772542;33,5657931;593,4266831;1187,253819;174,2555717;23,55292556;39,79041397;0,120951;242,802328;300,9273057
2018;Boa Vista - RR;55232;3973,384295;327,0443537;721,8474831;199,1601085;179,5053353;0,16984844;19,48492472;75,77790486;43,38454113;115,2726879;21,23441646;59,63831801;55,70008059;3,86891533;0,06932209;300,6527023;3158,263616;436,0505751;0,03458803;436,0159871;1,47984847;436,6542502;447,2875879;42,33620481;53,63243159;576,067606;23,35422339;5183,869384;42,92737709;17,22241657;0,99973041;5,3483579;85,11129396;132,3916927;57,51256726;4,04575462;7,45459892;0,097102;14,35689982;17,20064336
2018;Brasília - DF;753750;71976,81055;8554,876091;27165,06685;4935,768856;4018,454714;1,74804174;915,5660997;1005,465634;845,2157717;3981,397115;355,536413;820,0446922;749,7472821;69,53614494;0,76126513;2921,545279;57111,83678;9774,683934;3,20771181;9771,476222;29,14209929;9762,83037;10357,69835;542,6406213;1165,328407;20418,72632;1545,770163;257744,9171;2195,271267;789,4169676;105,312501;195,1192216;2494,195057;4581,868614;803,0276308;76,72594592;224,5406247;2,20276549;1083,272011;643,9127078
2018;Campo Grande - MS;181758;12212,97551;1425,993578;6098,519775;658,7527845;593,9717964;0,34880774;64,4321804;206,7712579;139,5248546;577,9155613;153,5732174;104,9590492;93,54336397;11,15222918;0,26345602;788,5211217;9582,957667;1332,865625;1,25492629;1331,610699;6,12466525;1333,924354;1346,325858;162,8949336;179,6628085;5527,055977;639,1974646;57891,96466;515,5041207;58,70106763;2,64376525;14,82948391;354,2352558;729,824543;102,1889727;12,61984376;51,78389101;7,21089229;146,2530505;371,070654
2018;Cuiabá - MT;143914;10680,57819;1153,350503;5376,766521;639,0940689;573,9428313;0,30724208;64,84399549;172,4619135;135,854963;620,0069793;160,0201685;96,26636799;84,7046964;11,47308162;0,08858997;546,1012464;8310,772483;1243,6615;2,16434656;1241,497154;1,79039272;1239,605528;1315,705828;115,4345677;193,5585932;5284,726401;164,395115;43693,80089;279,5356362;59,30508704;2,5064978;15,88689129;316,5505198;727,1871181;90,02945446;12,13289468;23,81731475;1,49146576;102,5907611;74,13372272
2018;Curitiba - PR;580049;38619,2318;7777,88201;28363,61591;1886,09043;1450,780696;0,9219949;434,3877383;502,2887538;376,5487152;1515,427677;511,1066608;259,7970073;215,2391289;44,22650084;0,33137759;2772,704644;30795,26791;4403,630264;8,79739909;4394,832865;34,47920838;4419,449486;4463,782686;427,4311613;502,9398452;18405,76697;2115,194324;275647,0173;2488,404977;407,499753;8,47468779;127,7074007;1302,059445;2011,836408;241,0563131;50,61371678;331,5885278;1,7694654;741,1225041;962,9772284
2018;Florianópolis - SC;161926;12934,21424;2543,189209;8244,041286;794,2508657;625,5516234;0,39646631;168,302776;119,4756391;91,52561632;542,7552279;130,316589;127,139047;111,6168268;15,46359565;0,05862462;784,8492323;10343,90202;1643,930838;1,69144985;1642,239388;10,31391085;1649,074992;1663,392663;147,3760122;174,6281587;5118,38172;698,968746;74940,65801;700,0915885;155,8343298;4,89750641;60,2382114;313,125491;716,7142184;126,6162067;17,71689934;104,4664526;0,20067419;230,3185248;225,6054743
2018;Fortaleza - CE;381363;26777,16883;3887,627234;12887,57453;1601,384933;1326,503996;0,87250941;274,0084283;443,5511276;360,8499779;1493,313229;418,7971508;301,4405411;274,7176137;26,47675157;0,24617584;1484,107884;20673,72398;2980,569263;1,68696597;2978,882297;10,65758776;2976,383671;3087,71252;285,3329115;409,4961841;9373,018957;1350,565385;110491,1448;1147,253253;270,1990619;7,03120327;57,06892195;994,3939928;1780,597172;298,5103719;29,80805611;81,61278795;0,0114;507,5928252;316,0826465
2018;Goiânia - GO;346326;22664,19808;3018,149552;12642,36146;1240,644264;1103,465529;0,59721888;136,5815162;358,3118017;286,3343822;1209,080823;512,5088764;148,5963727;128,4726281;20,00693532;0,11680935;1392,681197;17516,04037;2417,342093;1,50704435;2415,835049;19,30911613;2425,082784;2472,501467;273,7974244;330,2758872;12839,23416;1033,712018;125525,9595;863,5042305;132,6527674;4,88112578;34,54146156;713,1058406;1466,843465;140,9777317;22,42452258;58,4324463;0,90902541;244,5730191;346,0603127
2018;João Pessoa - PB;138007;10109,3876;1151,107768;4070,376073;579,8920954;501,6227199;0,24938251;78,01999302;159,9879012;118,9931487;551,9916848;112,795473;110,0169608;99,37812508;10,58219257;0,05664316;558,982434;7916,727898;1166,287156;0,64459167;1165,642564;7,27771618;1166,092399;1164,04169;144,9350984;145,8814179;2758,303484;145,6374419;32930,5541;283,9097995;76,40994589;3,38174136;14,38912399;305,8900916;666,8702188;109,5388838;11,66313427;27,57894637;0,1150415;151,1083817;57,93435383
2018;Macapá - AP;60230;4611,120697;393,7833486;659,5582807;304,0462907;282,819471;0,20677424;21,02004545;133,5959577;126,0186148;281,9308098;18,48225163;93,36838433;88,69798003;4,64226239;0,02814191;201,5631152;3452,115273;466,8337678;0,03417553;466,7995923;1,35727238;466,7137445;512,7990082;38,74215467;85,2170312;387,655622;20,24008685;3649,829713;32,18920061;18,20141018;1,00511257;4,80032143;212,0998208;301,5152496;90,41609914;4,670325;5,09855153;0,096;16,99049823;15,75811982
2018;Maceió - AL;137922;9837,836348;1096,915112;3859,018629;566,5629007;486,7158226;0,74953498;79,09754313;165,6931567;137,41364;612,3353759;86,09658218;92,16054315;82,92566125;9,13723674;0,09764516;532,7459213;7644,828228;1097,904939;0,93594188;1096,968997;6,3417156;1097,032372;1095,185451;148,7177638;148,612503;2765,046121;239,1606298;29847,14186;357,268566;74,65405085;2,61558943;19,98487191;319,9451827;747,7568906;89,9118829;10,02114999;25,77828891;2,36371118;89,73537292;175,4832849
2018;Manaus - AM;270551;17039,79383;1958,509312;7606,392214;941,1656509;831,9382173;0,76559647;108,4618371;436,7547962;309,5424789;693,8430289;163,0027358;207,7411487;186,3311447;21,08679354;0,32321042;1082,149367;13205,59462;1710,685163;0,24096238;1710,4442;4,20142063;1710,807373;1798,361888;160,3682561;254,3127418;3312,571137;281,1728597;46938,31396;370,9522427;100,6464851;3,16379534;23,39220208;659,6791363;802,6462387;198,1415236;22,45069182;22,73058812;0,030155;146,0430884;178,4484073
2018;Natal - RN;141353;10731,80693;1316,132499;4311,35004;650,9529436;531,0850436;0,61969516;119,2482048;154,2794176;110,2038782;568,4272717;103,7756012;125,0414403;113,6293988;11,22445256;0,187589;578,6925068;8440,433868;1290,26809;0,76469332;1289,503397;8,536831;1291,397327;1303,545231;134,5587403;149,1903808;3075,04472;264,0361561;36588,5359;413,3863593;123,3792259;3,82241812;17,62312833;284,5393635;711,4815425;126,2147094;12,20037193;30,06929736;0,012;160,4690499;525,3793923
2018;Palmas - TO;55137;4011,815853;367,8683217;1093,139601;256,824765;234,7269264;0,54384123;21,55399735;83,27751177;59,75999517;184,011309;51,08657206;38,77157214;33,81279224;4,79438343;0,16439647;217,2214018;3120,862726;445,994923;0,41475596;445,5801671;7,02976397;450,9906343;486,9226077;29,96407896;66,76273238;1528,737373;46,69537085;11744,82557;44,31310998;18,81846898;1,46690018;4,61502655;143,1231326;209,6047371;35,31849668;4,96433937;5,28666188;0,0235;26,18029867;22,98982574
2018;Porto Alegre - RS;457761;35860,68619;8034,120841;22138,55545;1978,410576;1574,385924;0,97328398;403,0513674;313,985352;271,320585;1672,314816;593,5353522;322,4587466;288,9800321;33,1462364;0,33247816;2129,924206;28578,73656;4570,414856;11,31283521;4559,102021;38,17076679;4585,324951;4517,320967;476,7463839;438,6815706;14288,21719;2369,263663;229031,5376;2014,459376;356,3255099;8,82920563;126,5011609;997,6746502;2109,27802;322,4122288;40,55601377;377,0513371;3,17918849;577,6185097;970,5187025
2018;Porto Velho - RO;80717;5344,767583;637,9692607;1635,021999;313,1800174;279,0649991;0,31520392;33,79981437;117,3366803;71,95864269;265,8400328;35,92032729;70,42163448;65,30460177;4,99351595;0,12351676;322,2872509;4147,822997;546,896399;0,15342422;546,7429747;14,9907055;560,0021736;606,4215214;47,3423157;94,18853578;1053,753862;74,64385393;12693,85346;102,0569462;29,391131;1,80936786;8,85971216;166,113302;314,3941098;69,12830709;5,25155874;40,30005507;0,19665;36,94623782;44,38356571
2018;Recife - PE;296678;23677,47245;3619,639552;13346,07299;1557,943871;1275,644029;0,9045348;281,3953075;333,2077136;264,4805117;1647,702763;246,2293099;198,3726002;175,1351773;22,97072425;0,26669858;1084,951175;18344,58451;2896,313469;3,18836918;2893,1251;10,58253586;2883,654743;2985,564669;295,4416022;404,9049569;10164,28224;1065,311151;110054,2284;1055,516869;264,0896643;7,52442527;66,87151007;824,5586814;1983,19119;192,922298;25,99619492;69,69410508;0,67539909;515,0322604;945,1136338
2018;Rio Branco - AC;54003;3893,646978;306,1118855;779,8186873;232,1943055;212,5064157;0,11801744;19,56987231;76,91943576;50,09635181;158,0587029;15,21726382;53,05860706;50,23906178;2,79195948;0,0275858;254,1390383;3053,963273;419,3840673;0,14130649;419,2427608;0,81835615;418,8235301;427,1662737;45,15587719;53,86820302;622,0016017;39,1168578;6246,955997;56,52316181;17,00315505;0,75140471;5,65396308;112,5331677;181,2290898;52,55904336;3,28499112;6,78301841;0,62478;16,92308137;24,28158966
2018;Rio de Janeiro - RJ;1623171;130532,8076;29252,09066;73514,9757;6839,021332;5111,274976;5,28571097;1722,460645;1555,851363;1143,784333;7642,864998;1413,666627;1156,183979;1035,872588;117,3832709;2,92812045;7160,489512;103620,9455;16767,71934;5,82491106;16761,89443;100,4882489;16815,14782;17906,26035;1637,565151;3033,931224;46033,95858;7374,657222;816248,1363;7699,721558;1616,118919;31,22795682;406,215806;4125,826705;9579,28955;1166,29485;132,7661623;786,4174262;1,76658502;2840,683265;3776,392298
2018;Salvador - BA;456283;31397,09351;4656,49453;16214,79205;1964,354272;1573,572654;3,00888421;387,7727332;537,9866374;447,8820021;2095,039406;177,2103751;259,5446254;230,0422676;29,15504831;0,34730953;1629,885981;24285,19021;3449,332515;1,72047525;3447,61204;26,78563511;3452,601614;3595,486461;364,0131152;514,3197264;10146,94195;758,0976608;121978,0452;1505,595643;368,1497352;8,16136918;93,73519922;1281,262037;2542,168212;249,3789253;31,856527;168,8668966;0,69426246;438,4381082;495,7770992
2018;São Luís - MA;158920;10979,09134;1573,449345;3577,250447;683,6657593;598,7024821;0,3010277;84,66224951;228,3578024;206,9529898;721,250994;48,03782135;95,73203145;86,51463882;9,11848071;0,09891192;562,395506;8432,698438;1169,854985;0,286038;1169,568947;2,91859771;1166,904348;1200,90675;140,5006664;175,9104187;1979,300021;197,4160084;23646,38627;340,4931034;73,65606385;1,82772839;26,25840996;489,1663656;805,8911079;91,8412245;9,5703217;14,10253492;0;80,25067667;164,7568506
2018;São Paulo - SP;3269381;223775,8347;68598,72752;204199,5518;9110,269123;6461,667838;6,58493559;2642,01635;2900,751729;1949,651079;11526,07851;2348,97884;1351,482397;1155,040876;193,9787966;2,46272455;15049,29437;179539,3286;27186,86275;31,34269201;27155,52006;102,0665207;27187,33012;27342,2681;2344,878249;2992,126766;128523,388;33684,55672;2131446,825;17599,90602;2523,954791;62,52220618;606,3210497;8049,231741;15409,5536;1329,51849;229,669294;1644,765726;13,27099185;5955,078811;15212,09446
2018;Teresina - PI;127434;9107,813466;874,8764115;3234,150437;569,8429183;508,476664;0,20599272;61,16026155;165,2768319;137,2927653;447,3378541;36,73301867;88,50856756;80,66880829;7,82587707;0,0138822;515,4690267;7147,352484;1020,062618;0,46218887;1019,600429;8,8717981;1023,637332;992,2713499;139,1945222;109,6534612;1871,173494;80,20469687;24156,59039;189,1771468;59,59153142;1,97556268;13,0875284;343,7421559;561,0862985;85,78333837;8,43562619;17,18682657;0,071208;101,3289818;46,08896797
2018;Vitória - ES;104102;8350,312718;1591,062713;5267,393287;474,4533242;343,0304359;0,25093265;131,1719557;101,9350222;73,08961698;483,5917286;176,6873261;68,16160368;59,0237222;8,98859361;0,14928787;426,477065;6545,917031;1036,643437;2,04576116;1034,597676;4,69865279;1033,338213;1042,896913;105,8636621;118,5949796;2853,060998;387,5090892;50438,18446;515,8507113;122,8163608;5,30314635;28,58155223;297,2627935;600,7804287;65,9455648;9,91551054;36,00405148;0,2301;131,1708975;252,0972539
2017;Aracaju - SE;115213;8854,572898;990,9729601;3130,528328;539,6395198;416,8515778;0,23197457;122,5559674;136,9571905;121,3167402;410,5203516;65,86012611;106,6314746;97,25003506;9,29668466;0,08475491;504,5593657;6969,08813;1041,092201;0,38700014;1040,705201;8,69226855;1043,999237;1006,126773;152,0710661;115,9448716;2481,14246;305,4166198;51068,26271;22599,84728;115,0529551;1,11718364;32,70924541;305,3819458;516,0449733;104,7315036;9,92345456;39,98279181;0,3999576;101,6985559;253,4343383
2017;Belo Horizonte - MG;608618;43179,49292;8731,452323;25592,7361;2271,472905;1744,794358;2,15172865;524,5268178;587,8745085;432,1245663;1847,294431;756,1456994;371,4323983;330,3455728;40,57732338;0,50950211;2704,623123;34208,52529;5121,903274;14,63474036;5107,268533;59,18832692;5138,630842;5202,128586;500,3366999;594,8304043;19138,66217;2032,455285;265503,4986;2719,735037;502,5356061;7,65011256;115,1879783;1360,97246;2437,265785;363,8518319;46,3305846;284,8340279;1,20974169;729,8869526;986,8652674
2017;Belém - PA;187532;13878,18554;1492,708491;4347,057421;867,3855168;750,7405173;0,36481585;116,2801837;327,871152;276,1052432;856,5035023;122,6926897;168,4774879;146,7322678;21,58646914;0,15875098;623,8900281;10635,25992;1544,144713;0,34008075;1543,804633;4,11121714;1538,230896;1627,405718;144,1479131;236,8302408;2902,928152;203,2423698;31286,60256;341,6303029;103,4834806;1,82942948;31,36497598;547,7597731;1004,04233;158,227589;22,39876467;25,90115054;0,232108;173,7676139;168,512455
2017;Boa Vista - RR;51010;3547,671347;332,6588795;640,1101932;177,1033611;157,931963;0,19335002;18,97804805;72,02515023;41,3865157;92,8024149;19,76454359;54,68604189;51,20614153;3,35971579;0,12018457;275,2436342;2814,659685;378,9241804;0,01813892;378,9060415;1,05846654;379,1998332;385,0459939;39,08480924;45,33181194;642,4638055;22,41522981;8226,850034;49,0775091;16,40709851;0,65229995;5,54433888;77,38244333;108,4206942;52,78333398;4,91168307;5,25815225;0,013334;13,46137599;12,24708063
2017;Brasília - DF;699314;66537,04824;8194,558034;24521,69471;4575,302626;3737,099075;2,42441266;835,7791388;980,065906;856,3293786;3470,373167;316,9321521;768,0205027;701,9061725;65,05545676;1,05887348;2708,195619;52861,82889;9024,119799;2,46680733;9021,652991;42,66854905;9028,074421;9539,979056;521,1427014;1067,167163;19849,29347;1456,105468;239117,1211;2335,741215;738,137748;43,93279897;190,6924158;2361,585709;4011,356683;756,4880648;71,48965816;228,4944411;2,4236306;1081,852122;665,7227921
2017;Campo Grande - MS;172384;11231,07484;1490,277382;5506,179288;585,4906956;522,7231745;0,31683784;62,45068325;203,3895977;137,4424888;505,0935087;152,3210435;100,7398997;90,06767125;10,38844946;0,28377897;748,6836614;8797,91394;1195,324138;1,14153084;1194,182607;4,19903051;1194,73458;1209,340154;147,5138688;166,3620045;5229,218516;626,3703924;50315,00072;409,7117565;58,23785635;1,32904496;15,4494431;327,4735321;651,6632447;98,35798225;11,64080361;53,02307013;6,32449064;199,7960403;347,3324834
2017;Cuiabá - MT;131776;9389,765207;1039,646854;4173,642676;559,0098444;499,771286;0,26699303;58,97156538;165,7183347;130,1154496;513,5902567;141,6851584;89,94987039;79,11374488;10,71683077;0,11929474;503,6721386;7286,024155;1056,573121;1,9039516;1054,669169;2,78645058;1054,088882;1123,919578;100,9470536;172,8356778;3994,481774;317,1875757;33266,16451;229,6323343;51,73336725;1,40385749;15,76878635;282,6934189;611,4818683;83,35863315;11,37499558;18,80475481;1,145212;100,1298179;282,4052253
2017;Curitiba - PR;556097;36711,08134;7538,638737;25376,55942;1806,045452;1373,763154;1,19657978;431,0857188;500,1311176;372,0143745;1321,736768;472,0647044;250,755727;209,1671148;41,45432695;0,1342852;2680,708672;29307,62452;4154,605962;8,29284065;4146,313122;30,35459631;4167,482221;4166,87455;436,7043635;469,9876999;20588,83238;2173,298864;252796,4125;2175,016308;391,0702511;4,28258025;135,6374039;1197,594772;1772,788161;233,811459;46,65816844;285,028423;0,54865437;597,033118;1223,045565
2017;Florianópolis - SC;154276;12244,52958;2267,842913;7624,398989;734,2810912;573,7294237;0,29184662;160,2598209;118,3562366;90,00075529;483,9151129;124,4594411;125,7132103;111,0958679;14,53932611;0,07801628;753,3560903;9814,447645;1555,094414;1,52518556;1553,569228;8,11866125;1558,218077;1564,058614;142,8067274;163,7630206;4556,974653;537,5492593;68920,50672;672,0260043;147,5952709;2,66555951;58,81821941;287,2258294;649,3693643;124,5206873;16,67713127;89,51524247;0,20538145;236,6885895;192,1383403
2017;Fortaleza - CE;336268;23330,55974;3390,502021;11935,62229;1362,509005;1112,409768;0,63419243;249,4650439;405,6315882;332,8776695;1192,079664;392,7523365;273,0647143;249,3157963;23,56626252;0,18265547;1316,703124;18054,93816;2591,903015;1,51212884;2590,390886;34,39368265;2613,153764;2662,073517;288,972705;349,2588044;7698,149044;1703,327603;112329,8832;1029,264398;242,9285358;3,74351939;53,61960103;856,7694885;1435,973604;275,7605151;26,34692925;103,4040234;0,04160053;331,9648354;199,5473442
2017;Goiânia - GO;327828;20830,31378;3443,646418;11453,94212;1109,862167;977,7140789;0,51177597;131,6363123;352,0892643;286,3626348;1036,748866;498,3637733;143,6668288;124,6684333;18,9086587;0,08973682;1335,739763;16067,48048;2156,799435;0,74886484;2156,05057;21,51847429;2168,319186;2198,748063;264,0688193;302,7637252;11552,12779;832,1935308;114105,1305;879,5360593;119,820348;2,21744969;35,72388226;669,3672391;1265,138539;135,6244955;20,69716796;52,76902587;1,09556718;190,5649368;448,1153795
2017;João Pessoa - PB;129121;9308,831781;1028,659058;3399,398309;530,321817;457,4523378;0,38047155;72,48900773;154,1358349;112,7419794;457,0729115;102,9858284;104,7027215;93,78330761;10,72121945;0,19819445;533,0391238;7313,831564;1068,700301;0,48165716;1068,218644;7,56848322;1069,646877;1057,711096;138,9595066;129,5717547;2530,533394;155,3427212;28394,54229;263,1462916;75,47851651;1,79470109;13,37606971;271,7993573;566,1876966;103,3645274;11,66549695;23,59407361;0,0025;133,0676608;60,33448611
2017;Macapá - AP;51394;3663,036706;308,6393915;530,8000459;240,781468;221,8377726;0,19099874;18,75269672;120,6340369;110,3200812;218,9551374;14,19878721;74,19788986;70,39619615;3,70939081;0,0923029;165,9955862;2717,953719;345,6732241;0,02300443;345,6502196;1,90283082;346,3694051;384,4976805;30,45246916;69,07035544;322,5142869;19,79558507;2980,158953;35,99459402;16,4202826;0,6301468;4,46232048;179,4408788;234,879369;71,7569902;3,74787266;3,91916809;0,156;13,86719326;17,51643783
2017;Maceió - AL;121787;8518,870488;985,5681107;3316,713724;497,5692456;425,1722104;0,5727252;71,82430999;151,962183;125,2024104;481,1728059;79,66149166;82,61128248;73,7509708;8,79470947;0,06560221;472,7000981;6627,990971;940,7152074;0,41733974;940,2978676;6,04602424;940,5661186;933,9576271;130,5932279;125,5702942;2337,455506;180,147607;25619,35982;397,9222967;65,90018077;1,01956474;17,47992274;272,2141905;587,8104199;80,26736837;9,35401075;24,36842248;1,40041204;88,59882407;125,7457342
2017;Manaus - AM;255032;15543,49885;1590,538334;5307,456977;855,1629406;749,7287956;0,91947389;104,514671;436,2555801;312,9622098;616,6853575;152,3965183;196,4348396;175,8416827;20,37779574;0,21536121;993,71648;11979,88492;1504,009024;0,21190317;1503,79712;3,106552;1503,102025;1587,323041;144,5716928;234,3644967;2827,700571;261,4048382;51678,80112;401,8267387;96,58330307;2,32053289;23,31006883;632,4991346;725,7483311;185,5101557;28,19320195;23,82159633;0,0284;153,0099669;173,7191708
2017;Natal - RN;136919;9856,447842;1136,936396;4092,068888;595,248881;481,4071539;0,38318302;113,4585442;152,9875226;108,4664518;487,7330081;98,15997373;114,7180844;103,8953923;10,63323169;0,18946042;561,2564805;7737,87744;1141,36179;0,46992446;1140,891865;4,85587218;1139,527426;1160,902348;123,8558597;147,3750457;2838,457897;195,5614068;31454,32097;444,3908257;119,1314555;1,71050489;17,61149197;260,1755072;616,2824583;114,1538734;11,84239847;26,68987893;0;128,9749151;106,8379851
2017;Palmas - TO;50883;3570,346981;276,6839711;922,7435934;228,423508;209,2047648;0,1026111;19,1161321;80,31465487;58,93683493;160,4973277;51,50529071;36,48284952;31,95534935;4,51211008;0,01539009;196,2708413;2757,915674;383,3340307;0,12390581;383,2101249;3,08655305;384,8102594;419,4548941;25,63492372;60,64438475;1418,491517;56,66909648;9930,160183;36,802649;16,99834016;0,70299253;4,18670627;141,5515416;182,9242487;33,20496418;4,59727825;3,83206497;2,07756426;30,08273427;15,86423827
2017;Porto Alegre - RS;444840;34124,44079;8023,911399;20254,98427;1823,497047;1439,894981;1,30284268;382,2992233;318,0568976;273,7433495;1487,494481;572,5135174;313,0561178;282,1655781;30,54666168;0,34387797;2108,585407;27227,49397;4293,342249;8,44812217;4284,894127;42,09027406;4315,271631;4212,868211;464,8924155;411,7321094;12983,44895;1988,404681;213140,5843;2876,569889;337,711985;4,65549836;128,0233843;933,2325916;1902,369491;313,092559;36,04103467;320,2062971;3,05130804;753,4024297;1032,360826
2017;Porto Velho - RO;75960;4899,882262;461,7444846;1453,540653;279,1526679;247,6276035;0,20912715;31,3159373;114,7431118;71,74342006;231,8672986;34,87912114;68,46958856;63,70708437;4,71554714;0,04695705;298,5659818;3800,461072;492,4107955;0,1713481;492,2394474;1,88759493;492,9387911;526,693395;45,06387634;79,35875596;913,7348535;54,24165102;9454,657282;75,35709305;27,427246;1,09743457;8,70801909;183,1961312;274,7264799;67,13321116;4,79432067;9,40464799;0,194395;29,64893603;45,98198282
2017;Recife - PE;288083;22344,34416;3717,381627;12243,12748;1461,774179;1187,297397;0,98622815;273,4905535;332,4122016;260,6440294;1443,203558;231,776652;193,5796844;172,2754757;20,98936176;0,31484702;1068,151458;17352,8024;2692,881304;2,6806253;2690,200678;14,94997946;2685,771398;2737,199914;288,1892222;347,432461;10332,35722;638,6681884;102469,2561;1846,653438;253,3099593;5,65300761;69,19163485;759,4978925;1763,451372;188,1340793;23,30697949;53,17059938;0,56158313;394,0261184;408,9046944
2017;Rio Branco - AC;44840;3042,102962;248,7089469;665,7989556;167,6630114;150,9373277;0,10536212;16,62032159;66,50288965;40,98888308;115,0178435;13,85661462;42,41558194;39,86055529;2,52310224;0,03192441;210,1419524;2385,516185;312,6323395;0,13474772;312,4975918;0,69021276;312,1360357;319,5096916;34,64358035;42,3019059;483,4529734;51,43198216;4787,642283;31,31957552;14,69939391;0,35205738;4,4761699;88,68821341;135,068659;41,82394636;2,81728884;3,26280748;0,41613;18,5601835;45,30255678
2017;Rio de Janeiro - RJ;1564906;123610,7866;28476,38281;71431,49651;6300,462917;4619,930197;5,71847169;1674,814248;1550,347814;1154,599395;6698,725061;1347,81418;1129,867236;1014,43866;113,5882869;1,8402893;7063,03198;98365,93803;15715,59436;4,87045214;15710,7239;72,22062266;15736,45219;15651,32318;1611,553216;1799,197049;42112,45835;10640,74541;756004,385;7914,879612;1585,514919;21,05515775;411,301257;3925,616705;8499,335256;1139,957105;128,3047483;742,5286576;1,85190281;2747,539244;7110,261587
2017;Salvador - BA;431281;29065,67947;4589,08446;14373,53288;1831,286785;1458,847805;2,0040867;370,4348936;535,4590271;445,557293;1870,328251;148,8025205;247,2060053;219,2429892;27,52543739;0,43757873;1519,041188;22467,9984;3138,255193;1,31078216;3136,944411;22,59265188;3138,985644;3251,929638;343,7009838;463,3207958;9297,547003;686,6218619;132114,3255;1482,339354;359,4148418;4,30320887;88,90326187;1184,466122;2261,222932;235,6708844;31,11556599;130,7613536;1,1037259;411,6581142;492,4501007
2017;São Luís - MA;141548;9476,271269;995,2589125;2850,580644;590,9117431;514,0835227;0,36436729;76,46385312;214,1267591;196,2292386;580,4132772;42,59818248;88,0842389;80,05992592;7,98879589;0,03551709;498,6283227;7265,279507;983,5208431;0,19490214;983,325941;5,32538702;983,6234979;1017,666963;119,4472752;154,8930565;1800,126277;74,97603643;23922,71139;260,6598204;66,71107674;1,08940242;23,58941104;443,0592053;654,2581301;84,63407572;8,59872336;17,01693018;0;75,5040228;50,32914411
2017;São Paulo - SP;3148846;212073,2853;68917,13936;192401,4697;8720,386997;6175,635108;7,14313502;2537,608754;2926,756434;1976,347869;10469,46658;2297,94378;1322,27506;1132,744834;187,1199697;2,41025654;14381,65146;169978,4571;25457,59575;27,25140971;25430,34434;92,02645204;25453,40281;36000,70721;2219,41952;13319,44265;158775,0385;45452,38797;2080142,89;18227,2639;2446,620048;51,58519382;618,2867938;7561,806999;13987,25868;1314,513778;222,7000161;1384,38456;11,01597858;5391,149628;16289,58761
2017;Teresina - PI;116201;7977,528454;919,6606476;2861,491631;474,8488031;421,339602;0,20608299;53,30311815;157,0470392;131,7558761;369,6954227;34,70794764;78,93185632;72,01075325;6,88049829;0,04060478;473,4916956;6257,049814;868,2212398;0,31854741;867,9026924;7,02983348;870,6901919;846,1865947;121,0719527;98,16200653;1896,218911;51,10004974;21316,00994;170,9501741;51,37563072;1,0706614;12,40145922;311,3333334;476,2191143;77,95657191;7,38049012;14,64699447;0,0205;60,89649531;34,53482745
2017;Vitória - ES;98736;7699,288448;1472,854591;4985,574185;435,2472192;316,2991427;0,2793457;118,6687308;100,6231283;73,0283589;412,7445641;161,5671916;65,79180458;57,17534213;8,51102086;0,10544159;413,6720992;6036,614082;937,1533653;1,7262807;935,4270846;6,34907433;936,0884834;940,2709974;103,1265178;110,1079118;2515,876876;359,2444017;44686,3785;552,3507412;112,9859854;2,16777101;26,4360142;276,0426278;515,5611205;63,33498689;9,37019224;37,47404968;0,21844536;122,4270748;235,6414872
2016;Aracaju - SE;113546;8319,356274;1031,608241;3137,65517;499,4019202;381,1470878;0,58035162;117,6744808;137,7904387;121,5902009;357,1220579;63,78680832;103,9643788;95,11142768;8,78101972;0,07193141;499,9267314;6535,773738;942,1179495;0,289126;941,8288235;7,8692909;944,6398353;906,1602629;140,7620181;103,8850475;2378,49596;389,4715482;28309,65207;336,9797452;112,0432863;0,59914912;27,04805953;282,9568293;455,1896851;103,2863509;9,28981179;43,1557389;0,56832074;105,2166868;248,4347339
2016;Belo Horizonte - MG;598393;41021,94884;8224,541457;24934,55529;2144,681367;1632,322178;1,76874156;510,5904475;584,6478393;428,7902114;1643,405523;690,3645607;364,5155887;324,8449316;39,29940801;0,37124909;2687,377235;32478,16651;4740,101189;12,23605419;4727,865135;53,30569252;4755,017958;4816,599101;472,541798;566,9070531;18737,88692;2301,609784;246352,6795;2688,847119;495,1933267;4,50226741;115,952397;1230,943218;2173,605964;355,6006964;44,57390547;269,1603056;1,42783174;839,255237;1364,084366
2016;Belém - PA;184053;13120,37438;1403,924445;3884,851679;806,3708921;693,4772438;0,35912196;112,5345264;330,623508;278,6369188;742,9529099;113,4518489;165,9131314;143,6133414;22,0535878;0,2462022;627,7249233;10054,70025;1418,367126;0,1594033;1418,207723;4,21594152;1413,395268;1496,458025;141,4592556;227,9189845;2477,47423;204,0400968;30920,87911;343,08124;102,1480713;1,43709211;29,75796988;527,3013891;873,4318685;152,3976934;22,80830515;31,97525385;0,207388;175,8176277;208,4433387
2016;Boa Vista - RR;49319;3173,100736;254,5818492;570,7954824;157,2681421;139,7083924;0,07816763;17,48158208;73,4374161;40,28336953;79,11135724;18,02243265;49,05572078;46,22199531;2,78557666;0,04814881;253,87649;2502,045807;313,6061875;0,0212515;313,584936;1,19910711;314,0954824;317,6070758;35,12976324;38,96415613;490,7174509;29,67102255;4077,930131;50,60919327;14,97713232;0,40198107;5,35081849;70,32920128;94,51165328;47,83028479;2,88739395;3,48719462;0,17319235;11,10721832;15,01442258
2016;Brasília - DF;685349;62466,2444;7484,29951;21925,6598;4256,764724;3470,375682;2,43388437;783,9551572;988,1144416;893,6391233;3079,666858;324,5919028;740,9513862;675,2902164;64,62098482;1,04018504;2705,299473;49477,21649;8228,176871;2,16167566;8226,015195;26,75408535;8218,248112;8704,302492;477,8311124;987,6133048;18193,74186;1322,226548;237648,7269;2342,914605;690,1011769;25,91510668;188,5339844;2268,952594;3583,348538;718,3200781;70,63298802;202,6208329;1,99778535;934,8786994;480,5697068
2016;Campo Grande - MS;167902;10461,62145;1334,923331;5061,187772;539,0412805;477,1489632;0,55635998;61,33595732;201,7676982;131,4680487;453,8561883;148,0692995;96,12237406;86,03680003;9,85674115;0,22883288;730,9324824;8160,36408;1057,02328;1,05365611;1055,969623;6,96178684;1059,489171;1064,47472;138,6255458;148,8128807;4830,844126;573,4432462;47500,80142;401,4910779;58,34926214;0,84396916;14,94619638;286,7472299;591,8587118;96,43273623;11,21589409;34,77207638;4,89767916;126,2667561;424,0792645
2016;Cuiabá - MT;127830;8809,732245;997,8501715;4503,24637;487,0534402;430,7693854;0,31507051;55,96898426;164,6400723;124,9195751;441,9412689;146,1299209;81,68649329;72,00689367;9,54747335;0,13212627;498,083395;6865,278079;973,7150384;2,31344384;971,4015946;2,62003905;970,9355439;952,6284448;180,7436731;164,4635211;4473,062831;130,1606232;36895,74488;196,6439921;51,84098181;0,62742889;16,0721705;257,7213872;534,5113347;75,91369064;10,07831869;17,64812678;1,13699386;92,60373546;50,66771006
2016;Curitiba - PR;546603;34949,39853;7402,654504;23645,96131;1676,386993;1275,854571;0,85340064;399,6790208;501,0774694;373,6475383;1159,041673;455,1137157;242,4666118;203,1527286;39,0664374;0,24744578;2666,261401;27875,40313;3833,053322;6,32587749;3826,727444;30,79402804;3848,864946;3859,579216;391,0848995;436,5715974;16353,90857;2803,371564;227284,7766;2878,84727;380,7783676;2,75439841;114,567164;1113,865916;1560,018512;226,8430666;44,17792282;252,4458195;1,21658799;607,3187097;1051,760842
2016;Florianópolis - SC;149304;11388,09519;2392,068568;7332,18685;652,2609939;504,4601092;0,30288977;147,4979949;116,3936331;87,92201629;416,1302679;110,7504815;120,2455936;106,6136414;13,53235144;0,09960072;745,9339584;9138,45824;1411,88831;1,43439073;1410,453919;7,40772059;1414,534633;1420,12109;135,3991622;150,9411371;4434,764428;542,7607217;63399,63469;2004,395493;141,2716632;1,40511454;54,68341081;257,8853721;557,4649867;118,8107545;15,587434;84,84677249;0,32720396;206,0255265;177,3415341
2016;Fortaleza - CE;329520;21663,48113;3757,078925;10632,56498;1229,926085;994,0579348;0,64502484;235,2231257;401,7563196;324,080094;1025,796701;375,5966077;259,4124595;237,0641185;22,22500494;0,12333614;1299,579072;16747,33379;2309,86504;0,96525617;2308,899784;10,78581546;2309,113274;2362,282393;250,9757959;314,4679379;7023,121839;920,1189149;84946,0809;791,8108192;232,5549833;2,2416722;54,78487078;787,3592212;1244,915704;256,7662677;24,38981579;66,89959252;0,0738866;531,1867664;170,3443407
2016;Goiânia - GO;322397;19558,76088;2472,294696;10217,16772;999,5489922;865,6371704;0,54972758;133,3620943;351,1519977;281,8922491;908,8017203;472,6996721;137,603761;119,8760696;17,6097237;0,1179677;1349,171774;15057,89072;1916,055289;0,50478165;1915,550508;19,13500648;1926,2094;1957,206189;238,5036872;277,3931219;10831,97556;618,4900006;165387,8658;582,0043607;122,325894;1,26044213;35,52897561;614,5895889;1123,937824;129,293634;19,21391436;43,05467763;1,29949664;199,9716786;166,7028573
2016;João Pessoa - PB;125624;8650,263333;938,3802867;3012,353499;484,0197053;413,9520468;0,2890432;69,77861531;152,6052023;107,558186;391,0009452;99,10698857;98,86902272;88,64378134;10,13241607;0,09282531;530,2282581;6786,875025;955,4385439;0,32905773;955,1094861;5,04376805;954,4694437;940,4028572;129,7963273;118,7270072;3171,870431;129,8017943;26030,79979;235,3166939;69,59864613;0,92433212;13,8048429;237,8009147;490,6140713;96,64742887;10,87341804;20,27172136;0,0025;111,9298795;67,45465098
2016;Macapá - AP;49978;3366,039783;290,640411;460,6301329;218,0674466;199,9314977;0,10656206;18,02938686;121,4541415;109,1138305;194,8641927;15,99195024;69,28917665;65,98594844;3,25840919;0,04481902;157,1887686;2480,070276;299,9077179;0,02094467;299,8867732;3,34289164;302,1507873;336,2464519;29,05580256;63,99050766;303,9188102;10,39937315;2737,182736;28,67395874;15,80325918;0,39523563;4,05646903;170,818922;211,3951172;68,17167063;3,31166795;4,72563858;0,063;14,84344132;5,56061701
2016;Maceió - AL;118285;7885,354195;823,9245699;2996,493856;452,9922955;385,9148562;0,44146708;66,63597224;149,9528298;121,4608889;407,3859821;74,04198297;80,38672067;72,81204039;7,48537052;0,08930976;465,1813056;6133,952189;840,8437522;0,37551644;840,4682358;2,68705248;837,7535977;828,087581;122,7016326;114,7341066;2097,193287;241,2501129;23068,17667;279,4834265;62,76305889;0,4648034;16,47528378;263,7519068;503,0619471;82,49912922;8,07784593;14,89610469;0,97872231;71,09604939;148,418045
2016;Manaus - AM;251006;14798,77797;1614,267599;4568,918106;806,5576192;704,2624086;0,48233761;101,812873;440,9188688;312,8709002;556,9859598;152,3406159;193,6019154;173,1591465;20,28055381;0,16221515;974,3443036;11361,15779;1376,070383;0,27692924;1375,793454;4,97993674;1377,139804;1458,22588;135,1175717;222,1425948;2877,189182;186,7102212;38941,86979;436,1310117;95,06823625;1,35054344;23,33405519;628,8004447;652,9024184;183,9326149;21,16666298;27,35204032;0,0391;158,400641;164,5875053
2016;Natal - RN;135673;9493,96402;1165,999188;3794,693903;564,0101156;454,5686689;0,37149594;109,0699508;153,0863631;105,8325653;417,5036556;95,05909567;115,8670557;105,2055319;10,47115114;0,19037262;571,9110282;7470,694141;1082,079425;0,246033;1081,833392;5,88709105;1081,865487;1078,97022;124,2670885;123,5291189;3301,177099;230,6416344;28688,4523;431,2378175;114,7454011;0,96333306;15,96024496;235,4332071;539,1899062;116,3920832;11,35982717;29,48199999;0;127,6842123;182,7973217
2016;Palmas - TO;49191;3257,892825;325,899664;865,1927224;203,1647091;184,9320358;0,47233599;17,76033733;78,70859079;56,8614637;141,8511593;49,26910566;33,99573257;29,86525548;3,94237217;0,18810492;189,8498009;2504,192263;327,4549721;0,04955318;327,4054189;5,6433356;331,7214443;363,6444937;24,48938173;56,66430004;1449,256413;52,87785453;8715,640101;37,05429228;15,76759382;0,41801086;4,14982581;123,670057;163,2626;30,95132848;4,08970984;3,4113094;0,005;24,91638145;13,30401694
2016;Porto Alegre - RS;441537;32211,21942;9988,831362;19532,58331;1685,236499;1316,024998;1,22758006;367,9839209;321,198027;272,5901595;1312,956525;529,0598089;302,9850415;273,0949939;29,56415053;0,32589708;2118,074022;25669,11934;3913,138236;7,86850572;3905,26973;35,39500199;3929,265064;3845,292599;442,3528217;390,3828463;14089,14899;1956,483225;194941,5536;1659,364531;336,0747978;2,56968628;128,05128;858,7180527;1679,26754;303,5886959;34,70575486;320,6342682;3,13282497;733,2582636;795,6606149
2016;Porto Velho - RO;74742;4601,067415;415,7857604;1393,31333;256,1745039;226,5243444;0,2781796;29,37197994;116,3572138;72,43555469;211,0385796;34,45214178;67,22714845;62,43355464;4,71802301;0,0755708;287,468669;3555,913604;443,4624894;0,0981905;443,3642989;0,79242275;443,0874457;475,4398573;41,95754781;74,72931484;918,533397;63,93013711;8571,256936;67,91659347;25,54819209;0,71409101;8,36755606;152,7239427;252,6898837;65,81642619;4,7796599;15,36734186;0,287712;32,29639384;45,89439241
2016;Recife - PE;284512;20616,06421;3431,114114;11579,67245;1314,798683;1056,366599;0,74844903;257,6836351;334,7463698;257,8752766;1225,717185;220,3046694;183,0838381;163,1774365;19,63488504;0,27151659;1066,14174;16013,39644;2382,33066;2,00279708;2380,327863;16,56412199;2378,639353;2405,404651;271,4304268;307,0927469;8316,302723;830,8115926;92671,9473;979,8853299;238,8302125;2,11867419;65,72812585;695,9357135;1519,10537;178,4306247;22,59182189;58,22941881;0,51589625;445,3407831;500,5010773
2016;Rio Branco - AC;42670;2708,99924;217,6395683;543,2870426;142,5847458;126,1029979;0,07595164;16,40579624;65,63019014;39,4549642;100,7641076;12,46858454;38,20793578;35,84714552;2,29576371;0,06502655;193,440237;2116,448475;263,178081;0,07197099;263,10611;0,67060754;262,7931366;267,9229929;31,71950769;37,03079412;496,2735138;27,88348914;4332,404137;35,45150011;15,55524505;0,23038495;4,29083676;81,70667863;118,4696985;38,72830767;2,55715775;3,51268168;0,24355;14,56148294;23,90493118
2016;Rio de Janeiro - RJ;1565397;118970,5335;27624,17822;77033,45537;5879,820858;4258,653651;4,80575562;1616,361452;1577,64118;1155,031961;5948,963546;1319,296728;1120,838688;1005,617405;112,7021438;2,5191391;7162,257555;94806,68303;14787,17348;4,9918764;14782,18161;66,55633967;14803,52666;14661,98553;1503,428921;1667,341435;42437,77489;12230,37047;803322,5218;7187,493937;1524,585051;13,04285686;395,4175668;3695,947182;7618,491046;1130,848336;127,9238142;750,99605;1,33649014;3425,887162;8777,047403
2016;Salvador - BA;426106;27549,63796;4293,913038;13636,92586;1748,599832;1386,077033;1,54188487;360,9809143;543,6225086;444,7923857;1706,550543;139,8111937;248,7274307;219,4818868;28,96296577;0,28257808;1479,979643;21237,55442;2867,651188;1,30059647;2866,350592;17,38273132;2864,117791;2995,19021;308,9887132;447,7484157;8880,612884;774,9011503;108671,7005;1728,074045;348,3554817;2,67718739;83,86243128;1118,591125;2055,588908;236,5291795;32,48471429;129,480233;0,77230706;502,2615261;613,4413239
2016;São Luís - MA;138138;8777,088808;880,3957737;2984,947028;539,2864155;467,3230704;0,34944031;71,61390478;214,8164045;195,3842427;502,8825949;48,00909809;84,87681801;76,80552815;8,0221283;0,04916156;482,9511544;6708,88208;868,6081095;0,15426573;868,4538437;2,26046014;866,0648438;897,0143493;109,5382341;141,7067751;1680,389296;92,9782158;18569,36587;252,7285161;62,81608447;0,651096;21,47800549;415,9106922;566,782042;80,96243159;8,38774917;12,21183566;0;79,54301947;67,47941059
2016;São Paulo - SP;3096009;203243,5661;66651,10393;168782,5306;8180,445953;5792,540782;8,48675234;2379,418418;2965,826361;1985,888193;9312,090015;2246,665466;1293,772569;1115,975233;175,0730006;2,7243349;14135,27161;163123,606;24047,77788;26,86957685;24020,9083;64,42390099;24019,06471;23849,73435;2201,85145;2654,090372;113552,5744;26786,93037;1801821,078;17519,64154;2276,871602;45,65821393;590,7093146;7008,23189;12492,11977;1287,152083;216,0109913;1267,485185;14,50645302;7706,632611;16998,54064
2016;Teresina - PI;111506;7252,586211;790,9056218;2374,374818;419,7127404;368,8867303;0,22387402;50,60213607;153,8296774;129,502457;322,7103217;31,28489688;73,95979408;67,82472855;6,13375994;0,00130559;457,0985147;5664,487809;750,2155773;0,22703378;749,9885435;3,65135193;749,7640088;730,5708372;109,5529948;91,80283939;1553,079687;62,06691663;17654,11007;151,2576631;48,78140455;0,55353097;11,45814339;279,4991758;413,8718085;72,04582195;6,70874444;22,0166901;0,00845;55,6289688;34,71580923
2016;Vitória - ES;97869;7373,215218;1367,332394;4739,182837;408,3354594;295,4840204;0,22242604;112,629013;100,853288;74,12732844;361,3488302;158,9004649;64,86605442;56,38138438;8,38956971;0,09510033;425,1602343;5779,623558;873,8199632;1,62222216;872,1977411;4,54678328;871,4369692;872,3541631;97,30521889;101,2450518;2598,218057;366,9391397;40744,43285;474,6377906;109,0216765;1,32124092;25,15275344;259,1841551;471,6498548;63,21012425;8,99583372;38,51056014;0,12171962;138,7095721;169,8895425
2015;Aracaju - SE;121718;8545,548683;857,8769564;2763,874276;516,2733402;;;;183,3464221;136,3930298;359,9230134;68,28840451;113,8683448;;;;528,7991642;6692,093132;939,5696092;;;;;909,5293218;136,5233967;106,4831094;2901,667691;164,7647664;26061,58425;;;;;;;;;;;;
2015;Belém - PA;199127;13970,01372;1373,956372;4058,491395;860,7055611;;;;413,5754178;307,3520576;783,9063212;135,5709381;187,1340318;;;;680,8958168;10700,54506;1498,462213;;;;;1569,787918;155,3491021;226,6748079;3075,071889;151,6463415;30044,26457;;;;;;;;;;;;
2015;Belo Horizonte - MG;609858;40537,66536;7449,3778;25084,36782;2149,447513;;;;748,1441324;450,3662007;1580,71466;666,3235041;392,15154;;;;2731,491035;32137,24043;4648,459054;;;;;4727,780151;454,6307264;533,9518238;18718,33362;2020,168029;229535,0758;;;;;;;;;;;;
2015;Boa Vista - RR;49714;3048,38712;224,3132266;508,1729268;153,4021934;;;;98,70662088;40,0427272;74,82963635;15,53799105;48,90741267;;;;247,5342503;2395,359532;292,1729481;;;;;293,6444498;34,75550457;36,22700633;497,6288622;20,67624313;3933,519809;;;;;;;;;;;;
2015;Brasília - DF;700954;61480,26099;7482,292534;22158,44525;4328,016475;;;;1214,251147;1000,065867;3089,430915;351,6682857;803,5361786;;;;2745,014823;48368,98724;7870,141922;;;;;8429,670126;446,2937101;1005,821914;20566,72659;1603,896569;203936,8144;;;;;;;;;;;;
2015;Campo Grande - MS;162611;9677,959597;1245,176928;5257,418301;519,9476403;;;;246,6687238;127,5195793;420,8933243;145,6528108;103,2698343;;;;692,3407124;7517,919472;952,0610077;;;;;967,1160147;129,4890253;144,5440322;8170,250577;602,9683084;44928,9248;;;;;;;;;;;;
2015;Cuiabá - MT;127906;8144,833877;955,2700346;3739,159518;480,9882584;;;;198,6326846;127,6177714;425,6560374;160,1747253;83,68190791;;;;483,9142705;6242,126761;826,6592043;;;;;892,7226602;78,31426535;144,3777212;3736,161518;124,1893113;28547,7757;;;;;;;;;;;;
2015;Curitiba - PR;544559;32967,00568;6986,761239;23984,05751;1558,999275;;;;666,8896502;381,7962503;1092,491362;450,4258196;250,9645889;;;;2627,001636;26209,08386;3494,217746;;;;;3544,675938;357,4887901;407,9469824;16393,3674;2754,972333;213242,9992;;;;;;;;;;;;
2015;Florianópolis - SC;143294;10604,75067;1866,097448;6828,218235;615,1932178;;;;148,0440058;88,78045893;391,3232783;112,4914759;123,4762136;;;;718,5521944;8489,217068;1294,960359;;;;;1307,413961;121,7224086;134,1760104;4315,269319;628,0518388;56490,32519;;;;;;;;;;;;
2015;Fortaleza - CE;359756;22319,02208;3164,938231;11890,50332;1300,920484;;;;520,963744;355,149202;1055,581502;378,0905528;298,0996119;;;;1396,514257;17215,58967;2310,821428;;;;;2373,869411;252,4283332;315,4763159;6943,398048;1599,409177;83821,11784;;;;;;;;;;;;
2015;Goiânia - GO;320957;18535,08329;2066,147494;10182,31727;963,8248259;;;;427,2099722;283,1276041;853,8107396;441,5947894;139,5206201;;;;1334,154283;14237,55425;1751,606197;;;;;1799,108305;221,2467245;268,7488324;10397,97238;1254,593415;93599,13542;;;;;;;;;;;;
2015;João Pessoa - PB;125056;8398,30135;835,421312;3016,333522;477,3128495;;;;185,3644181;106,7708508;361,1211847;97,63530726;103,5313669;;;;530,3762114;6602,393499;923,8578492;;;;;900,1398612;130,0460369;106,3280489;2342,764413;164,4165411;23367,10383;;;;;;;;;;;;
2015;Macapá - AP;56992;3728,89253;302,806603;474,6955171;250,4692165;;;;159,8084444;127,1210748;216,8583146;14,85942962;80,60982423;;;;174,2090386;2727,423086;322,3799036;;;;;361,194629;35,23908579;74,05381116;356,471778;23,10712519;2901,202546;;;;;;;;;;;;
2015;Maceió - AL;129534;8150,122568;821,5430415;2976,95184;475,6400522;;;;199,3447847;136,7502568;420,8017686;76,49013937;89,72830299;;;;497,7352634;6321,405532;837,3755722;;;;;826,6262313;123,7928907;113,0435498;2169,251766;271,9643415;23332,85286;;;;;;;;;;;;
2015;Manaus - AM;254035;14695,70591;1349,641359;4347,21512;820,7788973;;;;553,3677084;327,1290791;553,2832793;165,5209414;200,1993615;;;;974,1525751;11246,5402;1349,555323;;;;;1433,772805;137,1277145;221,3451962;5393,929158;224,1473872;35703,61995;;;;;;;;;;;;
2015;Não informado;24099;1108,476036;763,0720356;2263,653058;63,02641502;;;;24,31605504;8,37547968;27,32394596;3,01270808;15,97707748;;;;45,60467354;935,8808825;174,5487512;;;;;186,7119219;10,58731824;22,75048892;1542,526149;287,9227487;24732,76439;;;;;;;;;;;;
2015;Natal - RN;135036;9052,97623;1233,91423;3963,614336;553,457964;;;;186,2494242;107,2692955;394,1760306;96,29278095;120,0468273;;;;562,1552885;7109,179163;1009,991179;;;;;1005,290186;115,8961991;111,1952071;2589,227056;361,6880874;27082,83489;;;;;;;;;;;;
2015;Palmas - TO;48378;3076,96944;229,5081158;852,5633941;197,3956208;;;;89,93163732;55,66447777;131,9800579;51,49759632;32,1125931;;;;184,0781479;2356,013559;303,8217404;;;;;334,3805659;22,61837559;53,17720112;1440,769864;45,07954342;8353,426659;;;;;;;;;;;;
2015;Porto Alegre - RS;440412;30664,87241;7177,859876;21674,68461;1767,881544;;;;418,5623932;281,5877043;1216,739126;499,1861239;311,0242615;;;;2064,567463;24337,35882;3640,32648;;;;;3577,315512;411,127255;348,1162872;13279,50744;4491,964141;192278,4603;;;;;;;;;;;;
2015;Porto Velho - RO;76692;4497,61844;416,4724958;1268,165273;253,388945;;;;147,568514;78,28296113;207,3639782;33,26461656;68,34916257;;;;289,2196814;3454,137899;414,9574599;;;;;445,3479002;40,41534656;70,80578692;937,2601321;89,82098858;8084,712609;;;;;;;;;;;;
2015;Recife - PE;284657;20100,28954;3423,264811;13966,29127;1321,218986;;;;403,1350757;265,2171183;1187,020358;226,0461965;193,7488566;;;;1083,743294;15632,1713;2296,896868;;;;;2286,216293;285,7579249;275,0773503;8396,551051;3750,928276;85993,00903;;;;;;;;;;;;
2015;Rio Branco - AC;50348;3047,009343;246,7574311;617,1069067;163,3800172;;;;95,79906864;47,56005512;115,7999591;15,40235612;45,04685668;;;;215,748176;2372,190947;290,1932244;;;;;300,1500718;36,69024951;46,64709696;584,1355063;36,80097421;4803,519076;;;;;;;;;;;;
2015;Rio de Janeiro - RJ;1570515;117531,8072;27662,30697;75985,53386;6034,365773;;;;2052,165387;1216,572072;5893,751412;1279,345967;1221,055335;;;;7233,410778;93759,52195;14591,12802;;;;;14651,4775;1493,231746;1553,581228;42522,12225;9596,919159;675095,9724;;;;;;;;;;;;
2015;Salvador - BA;435128;27187,53149;3794,137081;12395,40736;1766,202279;;;;667,6449768;472,7682103;1677,924736;141,8028512;268,9034307;;;;1512,002353;20927,7757;2768,940409;;;;;2878,550067;309,9406853;419,5503435;8690,840867;594,4251092;92878,34948;;;;;;;;;;;;
2015;São Luís - MA;151551;9187,082348;924,6343296;2544,569599;582,1185179;;;;283,4567674;225,9171943;534,0108912;51,85357531;102,8024444;;;;512,1951918;6970,575455;876,9550083;;;;;916,1671397;113,6935417;152,905673;1848,655699;60,70098748;18515,51046;;;;;;;;;;;;
2015;São Paulo - SP;3031442;192118,8484;61355,05777;179915,9635;8043,7609;;;;3900,217421;2063,372428;9111,872628;2099,461944;1355,061042;;;;13664,2665;153823,5523;22266,18235;;;;;22929,69767;1941,460728;2604,976048;111218,5398;27956,01631;1652972,889;;;;;;;;;;;;
2015;Teresina - PI;114865;7084,941937;658,9980349;2914,37802;416,7784118;;;;183,8992666;135,8799109;319,910356;42,62768821;80,17682451;;;;452,663398;5498,677604;708,9018184;;;;;682,5960801;109,7386046;83,43286627;1643,165243;104,4971072;17509,54239;;;;;;;;;;;;
2015;Vitória - ES;101661;7407,746759;1226,354489;4747,268134;415,7683258;;;;128,114305;79,73784907;360,9876029;145,6156321;71,18891495;;;;446,9372042;5818,591125;865,3578511;;;;;866,2653812;95,95573056;96,86326072;2800,141968;284,6944284;38858,27996;;;;;;;;;;;;
2014;Rio Branco - AC;24355;1768,729077;150,5193538;327,2823438;155,8490007;;;;78,50164104;45,77640529;106,3286158;17,07505296;44,01880219;;;;0;1326,99296;193,7726001;;;;;200,4086875;18,72520625;25,36129361;357,4355184;;2589,151942;;;;;;;;;;;;
2014;Maceió - AL;130619;7760,049594;828,0657282;2617,412324;435,967359;;;;168,6678988;133,4821434;379,0925278;90,81012277;86,52657035;;;;487,6532989;6017,624516;779,5335601;;;;;765,0491806;120,8314998;106,3471203;1997,501331;;21334,58297;;;;;;;;;;;;
2014;Macapá - AP;57363;3505,704361;276,0471586;417,8043464;231,1900815;;;;144,4976226;122,0119815;213,9937816;16,00731798;78,40876588;;;;167,5886845;2543,101621;285,0328023;;;;;309,2611327;38,30604293;62,53437337;315,2807993;;2654,823035;;;;;;;;;;;;
2014;Manaus - AM;261196;14244,53287;1329,937012;3918,360271;784,1783094;;;;464,7602513;315,1573281;530,9970559;224,6791926;187,43399;;;;965,5287388;10856,35714;1252,378985;;;;;1329,907151;141,3694703;218,8976367;2696,977966;;32439,03135;;;;;;;;;;;;
2014;Salvador - BA;439665;25702,52976;3525,762506;11557,46879;1631,243454;;;;573,3927898;469,4085231;1546,075806;184,444508;267,3227606;;;;1469,893038;19723,60133;2516,572109;;;;;2622,193019;288,2001464;393,8210565;7767,475868;;84526,53323;;;;;;;;;;;;
2014;Fortaleza - CE;360074;20924,30991;2505,479079;9889,659718;1169,772929;;;;428,0174635;340,658068;955,2393172;381,3383815;292,8416465;;;;1348,755911;16110,83139;2098,000734;;;;;2122,58371;247,4930987;272,0760748;6602,849936;;75920,36158;;;;;;;;;;;;
2014;Brasília - DF;698344;57473,34938;6376,571836;19698,68915;3965,160953;;;;1035,422887;1004,387354;2878,429405;425,1865007;797,015949;;;;2623,741437;44995,30939;7177,493359;;;;;7701,755346;425,6730933;949,9350807;18260,0059;;186527,4832;;;;;;;;;;;;
2014;Vitória - ES;103239;7210,603865;1076,738242;4692,312694;382,3864154;;;;104,2914637;78,83790189;322,7097492;148,6069527;70,24571368;;;;452,0591126;5680,061602;833,3984179;;;;;830,4477105;94,91836813;91,9676607;2414,640607;;35148,72176;;;;;;;;;;;;
2014;Goiânia - GO;321789;17587,12056;1894,806535;9222,742027;872,5511815;;;;338,3493619;269,9087576;786,3762569;447,0927275;137,053865;;;;1303,261644;13481,9261;1599,705287;;;;;1621,966685;211,8359701;234,0973682;8850,969251;;113151,0903;;;;;;;;;;;;
2014;São Luís - MA;153503;8621,527637;875,1077682;2475,337249;521,3378512;;;;246,9452617;219,7045435;480,537684;67,11464058;101,0974136;;;;502,0996229;6512,692092;778,639569;;;;;807,7103156;108,326357;137,3971036;1622,09595;;16591,47645;;;;;;;;;;;;
2014;Cuiabá - MT;127280;7546,126138;855,3259585;3111,837784;423,1437556;;;;164,0356938;123,6664987;392,7077024;182,2965403;85,46708675;;;;467,776594;5743,342772;725,6188793;;;;;779,3997162;75,41379536;129,1946322;4377,855419;;25990,74695;;;;;;;;;;;;
2014;Campo Grande - MS;160739;8890,085769;987,9061238;4568,53006;484,1145888;;;;191,7965758;119,7664067;378,6681677;174,2106837;87,81224587;;;;657,2373085;6858,453588;817,1843583;;;;;822,403635;115,5985328;120,8178095;15056,47566;;39532,29856;;;;;;;;;;;;
2014;Belo Horizonte - MG;616754;38108,82957;7014,479367;23064,7971;1923,072895;;;;588,2835604;433,3636552;1442,164326;679,1510473;352,908219;;;;2682,304914;30144,61235;4184,995128;;;;;4216,429918;448,683446;480,1182356;17703,22279;;208194,2847;;;;;;;;;;;;
2014;Não informado;20405;815,8731056;427,3522908;1580,972409;54,13514595;;;;15,70809168;6,4431353;19,71974959;1,47120452;11,84318576;;;;39,18712985;676,9362269;116,1466024;;;;;124,2562855;9,76133984;17,87102291;1009,542672;;14719,26472;;;;;;;;;;;;
2014;Belém - PA;199571;13030,17305;1303,967637;3729,764437;782,7469045;;;;356,5956776;294,7655778;733,6833172;168,1443269;169,1372178;;;;656,4429317;9917,765557;1337,632558;;;;;1392,03472;154,1555258;208,5576873;2851,458316;;27852,60547;;;;;;;;;;;;
2014;João Pessoa - PB;124142;7839,196647;832,3194064;2613,261241;430,5655213;;;;149,4684012;101,9596472;321,6368457;95,74969465;97,83898952;;;;511,6524639;6157,097496;837,9929526;;;;;810,9412653;122,6976988;95,64601154;2260,554242;;22030,40522;;;;;;;;;;;;
2014;Curitiba - PR;545820;31223,39581;5869,876043;21197,80078;1378,943605;;;;499,2171278;371,2437185;975,557257;467,5241066;238,1216955;;;;2578,934717;24801,5284;3196,107011;;;;;3257,439726;332,6638571;393,9965717;14409,7668;;192414,4461;;;;;;;;;;;;
2014;Recife - PE;287091;19030,53264;2727,20634;10231,16982;1199,721258;;;;337,9115884;259,1793234;1035,488959;225,7035085;185,1698206;;;;1076,753245;14813,4648;2109,145509;;;;;2080,777586;275,833699;247,465776;7293,756314;;76736,65042;;;;;;;;;;;;
2014;Teresina - PI;113238;6452,971946;602,3632163;2407,211713;369,0988252;;;;154,8532316;128,2314118;287,3163437;43,30862883;73,70707822;;;;426,36914;4993,116457;616,0841232;;;;;588,2250467;102,9933895;75,13431302;1360,590446;;15306,61598;;;;;;;;;;;;
2014;Rio de Janeiro - RJ;1581094;111520,0043;22464,58367;68159,39777;5521,902024;;;;1601,671126;1186,673648;5338,726778;1370,922863;1165,014935;;;;7052,171746;88920,43204;13579,28162;;;;;13571,46029;1452,528051;1444,70672;40156,47634;;605159,6645;;;;;;;;;;;;
2014;Natal - RN;136170;8504,859419;1012,480964;3685,683717;500,0053313;;;;151,8297906;104,0244782;354,4488689;97,58247641;123,7783832;;;;548,3694748;6680,54487;924,0289396;;;;;913,5147306;110,9611027;100,4468937;2264,284642;;24653,43623;;;;;;;;;;;;
2014;Porto Alegre - RS;447360;28898,28246;6018,959351;17986,86592;1605,372269;;;;328,711874;277,4893435;1125,357324;525,0723465;304,2867786;;;;2013,319153;22848,71521;3297,6999;;;;;3239,630167;390,376395;332,3066628;11759,11619;;162393,8572;;;;;;;;;;;;
2014;Porto Velho - RO;78318;4293,37083;371,420071;1145,406893;239,1570671;;;;128,4531138;78,9988444;197,0625347;36,11833665;64,10701052;;;;282,6990372;3282,565727;373,026039;;;;;402,2047176;37,08136355;66,26004209;843,0088336;;7382,888199;;;;;;;;;;;;
2014;Boa Vista - RR;49133;2807,344546;236,2066514;456,2295072;137,5151869;;;;75,34665228;36,7824369;69,09802305;20,5609801;44,2810888;;;;228,4543298;2199,149195;259,8277663;;;;;257,1579175;39,06693838;36,39708959;449,0165619;;3637,474896;;;;;;;;;;;;
2014;Florianópolis - SC;139937;9624,610868;1674,663798;6442,723122;538,0779866;;;;112,6350396;84,78185861;346,3163455;110,2515841;121,5159761;;;;675,3673718;7689,165561;1136,721851;;;;;1148,880664;111,3536448;123,5124578;3988,814087;;50636,19415;;;;;;;;;;;;
2014;São Paulo - SP;3044453;182538,3253;55170,71576;176201,4337;7513,691758;;;;2976,301669;2022,305379;8349,564819;2522,464617;1316,549966;;;;13160,43726;145601,421;20516,05025;;;;;20979,09585;1895,787984;2358,833585;98247,61683;;1464039,54;;;;;;;;;;;;
2014;Aracaju - SE;122117;8308,090737;863,2040824;2509,323176;497,2504429;;;;153,9431802;136,0774042;335,8830513;68,38714184;113,5729038;;;;518,0371275;6506,034942;908,4761016;;;;;870,5610083;133,133994;95,21890069;2235,918814;;23681,75965;;;;;;;;;;;;
2014;Palmas - TO;48195;2846,033544;248,2302431;734,3262705;172,3031089;;;;73,24404528;51,97887262;129,1707289;56,82033039;29,64215024;;;;178,6816151;2166,229464;263,8075078;;;;;289,8279426;22,46915108;48,48958592;1216,870807;;7537,174095;;;;;;;;;;;;
